id,first_name,last_name,email,car_make,car_model,car_year,car_price
1,Faunie,Chippindale,fchippindale0@salon.com,Hyundai,Accent,2001,1897
2,Addy,Welsh,awelsh1@yahoo.com,Land Rover,Defender 90,1994,1855
3,Philippe,Budge,pbudge2@tamu.edu,Jaguar,XK,2007,1729
4,Gabriellia,Sellick,gsellick3@theatlantic.com,Mazda,RX-7,1993,1863
5,Jannel,Izaks,jizaks4@redcross.org,Dodge,Sprinter,2008,1522
6,Lavinia,Maffy,lmaffy5@ning.com,Dodge,Ram 2500 Club,1998,1611
7,John,Shorthill,jshorthill6@e-recht24.de,Aston Martin,DB9,2011,1656
8,Nanice,Beazley,nbeazley7@goo.gl,GMC,Savana 1500,2005,1921
9,Esra,Ilive,eilive8@prnewswire.com,BMW,Z4 M,2007,1937
10,Leonelle,Lovering,llovering9@reverbnation.com,Dodge,Avenger,1996,1862
11,Buffy,Touret,btoureta@webmd.com,Ford,Freestar,2004,1776
12,Aryn,Gelland,agellandb@netlog.com,GMC,Safari,1997,1748
13,Peggy,Wintle,pwintlec@privacy.gov.au,Chevrolet,Corvette,1956,1951
14,Dore,Pea,dpead@netlog.com,Honda,S2000,2008,1721
15,Willie,Espino,wespinoe@multiply.com,Nissan,Armada,2009,1918
16,Rice,Yearns,ryearnsf@taobao.com,Buick,LaCrosse,2012,1624
17,Sinclair,Maddaford,smaddafordg@cam.ac.uk,Lincoln,Town Car,2011,1962
18,Kelsey,Saura,ksaurah@blogger.com,Nissan,Quest,1996,1615
19,Ansel,Purnell,apurnelli@google.it,Ferrari,F430,2006,1685
20,Lay,Wright,lwrightj@nymag.com,Jaguar,XJ,2007,1558
21,Bil,Machon,bmachonk@cmu.edu,Ford,Windstar,1995,1569
22,David,Sharma,dsharmal@cnet.com,Volvo,XC90,2007,1517
23,Georgianne,Aronow,garonowm@altervista.org,Lincoln,Blackwood,2003,1935
24,Bruce,Sneezum,bsneezumn@mozilla.com,Isuzu,VehiCROSS,2000,1931
25,Danni,Shoemark,dshoemarko@creativecommons.org,GMC,Sonoma,2004,1552
26,Ravid,Woolger,rwoolgerp@addthis.com,Infiniti,FX,2004,1718
27,Perkin,Reignould,preignouldq@163.com,Cadillac,Eldorado,1995,1800
28,Ariela,O'Fearguise,aofearguiser@godaddy.com,Ford,Excursion,2002,1879
29,Terrence,Sorey,tsoreys@gravatar.com,Toyota,RAV4,1997,1954
30,Emery,Taffee,etaffeet@cargocollective.com,Mazda,MX-5,1997,1610
31,Claresta,Sazio,csaziou@feedburner.com,BMW,X5,2001,1634
32,Nerte,Miskelly,nmiskellyv@fastcompany.com,Nissan,Sentra,2001,1524
33,Blakelee,Weathey,bweatheyw@pen.io,Dodge,Ram 1500,1995,1935
34,Darcee,Lideard,dlideardx@bluehost.com,Ford,Aspire,1995,1595
35,Yolanda,Pancast,ypancasty@fema.gov,Pontiac,Grand Prix,1970,1721
36,Mariette,MacKenzie,mmackenziez@goodreads.com,Volkswagen,Scirocco,1984,1935
37,Susana,Darley,sdarley10@alibaba.com,Toyota,Corolla,2000,1688
38,Agosto,Yven,ayven11@google.it,Ford,E350,2009,1988
39,Vanni,Gallahue,vgallahue12@timesonline.co.uk,Aston Martin,Vantage,2009,1594
40,Towney,Keddey,tkeddey13@bloglovin.com,Cadillac,Seville,1997,1662
41,Berkeley,Bowell,bbowell14@epa.gov,Isuzu,Rodeo,1994,1881
42,Abe,Wilcox,awilcox15@japanpost.jp,Mercedes-Benz,S-Class,1994,1611
43,Kele,Brugsma,kbrugsma16@soup.io,Ford,Bronco,1992,1856
44,Lisa,Fey,lfey17@prweb.com,Lincoln,Town Car,2002,1520
45,Adelheid,Adrain,aadrain18@imdb.com,Dodge,Grand Caravan,2005,1634
46,Rollins,Stothert,rstothert19@prweb.com,Toyota,Land Cruiser,2004,1864
47,Hinze,Pechan,hpechan1a@nationalgeographic.com,Jeep,Patriot,2011,1787
48,Nevil,Hugnet,nhugnet1b@yolasite.com,Ford,Econoline E250,1993,1922
49,Cyrille,Staddon,cstaddon1c@mail.ru,Volkswagen,New Beetle,2009,1764
50,Hailee,Torrisi,htorrisi1d@deviantart.com,GMC,Envoy,1999,1898
51,Les,Verdey,lverdey1e@privacy.gov.au,Ford,Bronco,1988,1673
52,Mandie,Tampen,mtampen1f@free.fr,Kia,Sorento,2007,1913
53,Meggi,August,maugust1g@amazon.co.uk,Ford,Expedition EL,2010,1739
54,Sanson,Cherryman,scherryman1h@statcounter.com,GMC,Yukon XL 1500,2000,1944
55,Ave,O'Lochan,aolochan1i@fc2.com,Honda,Accord,2004,1863
56,Emilee,Strodder,estrodder1j@bbc.co.uk,Ford,Excursion,2005,1549
57,Mellisa,Castan,mcastan1k@narod.ru,Suzuki,SJ,1989,1522
58,Rob,Torns,rtorns1l@intel.com,Honda,S2000,2009,1631
59,Melinda,Gerran,mgerran1m@oracle.com,Cadillac,Fleetwood,1993,1990
60,Claudell,Kenryd,ckenryd1n@example.com,Mazda,Miata MX-5,2008,1715
61,Em,Lacrouts,elacrouts1o@usa.gov,Mercedes-Benz,R-Class,2011,1956
62,Bartolomeo,Gauntley,bgauntley1p@amazon.co.uk,Dodge,Ram,2008,1758
63,Vivia,Schwerin,vschwerin1q@csmonitor.com,BMW,1 Series,2012,1925
64,Ardyce,Blythe,ablythe1r@edublogs.org,Hyundai,Tiburon,2008,1845
65,Boigie,Veysey,bveysey1s@nydailynews.com,Ford,Escort,1991,1830
66,Katya,Dorber,kdorber1t@patch.com,Audi,S8,2001,1653
67,Edin,Gong,egong1u@ucla.edu,Land Rover,Freelander,2008,1855
68,Raimundo,Petraitis,rpetraitis1v@deliciousdays.com,Saab,9000,1999,1557
69,Christean,Gorhardt,cgorhardt1w@theguardian.com,Chrysler,PT Cruiser,2002,1708
70,Aileen,Antic,aantic1x@netlog.com,Suzuki,Esteem,2001,1753
71,Mureil,Anning,manning1y@webeden.co.uk,Chevrolet,Suburban 1500,2003,1687
72,Collin,Haskew,chaskew1z@tripod.com,Suzuki,XL7,2006,1746
73,Marylee,Massel,mmassel20@washingtonpost.com,Volkswagen,Fox,1989,1634
74,Karmen,Wincott,kwincott21@list-manage.com,Bentley,Continental Super,2011,1889
75,Leta,Rowley,lrowley22@boston.com,Kia,Forte,2011,1860
76,Panchito,Hort,phort23@artisteer.com,Volkswagen,Rabbit,2007,1521
77,Brocky,Woodthorpe,bwoodthorpe24@nymag.com,Dodge,Grand Caravan,2001,1773
78,Cynde,Pringell,cpringell25@soundcloud.com,Lincoln,Mark VIII,1996,1512
79,Madelene,Trodden,mtrodden26@google.pl,Porsche,Cayenne,2010,1609
80,Elissa,Entissle,eentissle27@oaic.gov.au,Ford,Mustang,1995,1946
81,Jamill,Ewer,jewer28@samsung.com,Volkswagen,rio,2000,1539
82,Devin,Pile,dpile29@amazon.de,Mercedes-Benz,SLK-Class,2003,1690
83,Daune,Jandl,djandl2a@ovh.net,Volkswagen,Eurovan,1992,1896
84,Buckie,Boshier,bboshier2b@miitbeian.gov.cn,Oldsmobile,Alero,2000,1712
85,Jayme,Harding,jharding2c@flickr.com,Land Rover,Discovery,1997,1578
86,Baird,Calcott,bcalcott2d@skyrock.com,Dodge,Charger,2011,1847
87,Bartlet,Greeveson,bgreeveson2e@usgs.gov,Volvo,850,1993,1815
88,Aldwin,Haddow,ahaddow2f@mlb.com,Toyota,4Runner,2001,1553
89,Danella,Dammarell,ddammarell2g@huffingtonpost.com,Chevrolet,Malibu,2010,1549
90,Vania,Casemore,vcasemore2h@ifeng.com,Chevrolet,Corvette,1966,1521
91,Demott,Greguol,dgreguol2i@bravesites.com,Toyota,Land Cruiser,2009,1761
92,Elysia,Gutch,egutch2j@plala.or.jp,Nissan,Rogue,2012,1894
93,Stormi,Shelf,sshelf2k@ftc.gov,Volkswagen,GTI,1988,1598
94,Keeley,Shillitto,kshillitto2l@ezinearticles.com,Honda,Civic,1988,1630
95,Maureene,Tremelling,mtremelling2m@phpbb.com,Chevrolet,G-Series G30,1992,1597
96,Thoma,Stroud,tstroud2n@mediafire.com,Volvo,850,1995,1668
97,Alva,Errichiello,aerrichiello2o@foxnews.com,Lexus,GS,1996,1555
98,Madonna,Stookes,mstookes2p@toplist.cz,Hyundai,Genesis Coupe,2010,1801
99,Dunc,Harling,dharling2q@nature.com,GMC,2500,1997,1898
100,Otes,Nunn,onunn2r@uiuc.edu,Audi,A4,2000,1766
101,Sinclare,Wildash,swildash2s@ca.gov,Toyota,T100,1996,1844
102,Klaus,Sackur,ksackur2t@furl.net,Chevrolet,Lumina APV,1992,1623
103,Tarrance,Barneville,tbarneville2u@oracle.com,Hyundai,Elantra,1993,1977
104,Rollie,Fundell,rfundell2v@instagram.com,Mazda,Miata MX-5,1994,1961
105,Babb,Cumine,bcumine2w@go.com,Honda,Prelude,1998,1946
106,Olag,Spedroni,ospedroni2x@wisc.edu,Geo,Tracker,1996,1627
107,Keene,Debill,kdebill2y@omniture.com,Mazda,Mazda3,2008,1864
108,Frederich,Spadari,fspadari2z@redcross.org,Toyota,Avalon,2009,1712
109,Rowe,Costall,rcostall30@disqus.com,Infiniti,FX,2004,1579
110,Hanny,Haxby,hhaxby31@ask.com,Mitsubishi,Chariot,1990,1719
111,Bryant,Lafayette,blafayette32@amazon.co.jp,Honda,CR-V,2011,1887
112,Patty,Muckersie,pmuckersie33@soundcloud.com,Bentley,Continental GTC,2007,1843
113,Brinn,Downs,bdowns34@flavors.me,Mercedes-Benz,E-Class,1988,1974
114,Stanley,Maddams,smaddams35@oakley.com,Chevrolet,Impala,2006,1910
115,Tully,Jablonski,tjablonski36@ezinearticles.com,Ford,Taurus,1988,1729
116,Troy,Froment,tfroment37@timesonline.co.uk,Ford,Escort,1990,1924
117,Filia,Lammertz,flammertz38@drupal.org,Land Rover,Defender Ice Edition,2010,1698
118,Arlin,Belson,abelson39@51.la,Ford,Fusion,2008,1799
119,Daisey,Reith,dreith3a@mlb.com,Nissan,Quest,1997,1995
120,Vinny,Sey,vsey3b@arstechnica.com,Chevrolet,Monte Carlo,2002,1691
121,Tamas,Clamo,tclamo3c@360.cn,Lincoln,Continental,1995,1609
122,Loraine,Kundert,lkundert3d@4shared.com,Nissan,Xterra,2003,1592
123,Bill,Tinsley,btinsley3e@odnoklassniki.ru,Buick,Skylark,1992,1735
124,Alvin,Orgee,aorgee3f@usatoday.com,Infiniti,QX,2012,1922
125,Darrell,Antrack,dantrack3g@wix.com,Chevrolet,S10,1997,1601
126,Dulcea,Skittle,dskittle3h@nsw.gov.au,Dodge,Caliber,2012,1755
127,Benedict,Krysztowczyk,bkrysztowczyk3i@lycos.com,Toyota,Previa,1996,1740
128,Ruprecht,Locarno,rlocarno3j@elpais.com,Saab,900,1985,1535
129,Mei,Caro,mcaro3k@topsy.com,Chevrolet,Uplander,2005,1526
130,Yul,Whiskin,ywhiskin3l@google.com.hk,Land Rover,Range Rover,2007,1691
131,Linnell,Callinan,lcallinan3m@census.gov,Buick,Skyhawk,1989,1982
132,Joletta,Stopforth,jstopforth3n@blogspot.com,Pontiac,Vibe,2003,1950
133,Stafani,Hudel,shudel3o@booking.com,Chevrolet,Malibu,2010,1978
134,Sosanna,Milch,smilch3p@umich.edu,Mitsubishi,Lancer,2011,1708
135,Wash,McOnie,wmconie3q@sbwire.com,Subaru,XT,1987,1929
136,Zorah,Ravillas,zravillas3r@qq.com,Saturn,Astra,2008,1960
137,Addie,Pochin,apochin3s@imageshack.us,Hyundai,Sonata,1993,1755
138,Giuseppe,Leedal,gleedal3t@foxnews.com,Dodge,Nitro,2009,1799
139,Bram,McEttigen,bmcettigen3u@google.it,Infiniti,G,2001,1581
140,Torrie,Youings,tyouings3v@shareasale.com,Acura,RL,2009,1946
141,Ado,Ellerbeck,aellerbeck3w@printfriendly.com,Hyundai,Genesis,2011,1878
142,Lyndy,Campling,lcampling3x@ucoz.ru,Saab,9-3,2007,1947
143,Saundra,Mordie,smordie3y@printfriendly.com,Pontiac,Firefly,1991,1588
144,Meyer,Huggon,mhuggon3z@google.it,Audi,A4,1998,1569
145,Andrey,Roadnight,aroadnight40@altervista.org,GMC,Savana 1500,2002,1861
146,Saba,Ryson,sryson41@state.gov,Oldsmobile,Bravada,1994,1932
147,Barth,Cromie,bcromie42@netlog.com,Maybach,57,2007,1998
148,Birdie,Warne,bwarne43@answers.com,Volkswagen,Routan,2011,1691
149,Friederike,Durtnal,fdurtnal44@geocities.com,Mitsubishi,Lancer,2001,1977
150,Thelma,Rappaport,trappaport45@youtu.be,Acura,TSX,2007,1597
151,Jone,Pridmore,jpridmore46@unc.edu,Volvo,XC90,2004,1528
152,Shannon,Corselles,scorselles47@istockphoto.com,Pontiac,Trans Sport,1992,1901
153,Lezlie,Reade,lreade48@pen.io,Saab,9-3,2000,1585
154,Morganne,Leighton,mleighton49@xrea.com,Toyota,Tacoma Xtra,2001,1893
155,Calley,Brereton,cbrereton4a@fc2.com,Mitsubishi,Mighty Max,1993,1772
156,Mab,Radden,mradden4b@jiathis.com,Lincoln,Town Car,2008,1661
157,Gwenni,Brettell,gbrettell4c@cornell.edu,Chevrolet,Suburban 1500,2006,1746
158,Datha,Arenson,darenson4d@google.nl,BMW,M3,2011,1573
159,Arnaldo,Lintill,alintill4e@forbes.com,Mazda,Mazda6 Sport,2006,1616
160,Julius,Barajaz,jbarajaz4f@yellowbook.com,Acura,Integra,1996,1950
161,Sayers,Edess,sedess4g@amazonaws.com,Ford,F-Series Super Duty,2007,1561
162,Lalo,Lucius,llucius4h@merriam-webster.com,Land Rover,Discovery,2001,1803
163,Amble,Lowmass,alowmass4i@ca.gov,BMW,M3,1996,1681
164,Daron,Kennifick,dkennifick4j@nydailynews.com,Volkswagen,Passat,1988,1879
165,Odell,Sarney,osarney4k@marriott.com,Volvo,940,1994,1598
166,Gale,Rief,grief4l@ocn.ne.jp,Buick,Regal,1993,1907
167,Orly,Spurritt,ospurritt4m@purevolume.com,Suzuki,Swift,1990,1832
168,Forbes,Nineham,fnineham4n@topsy.com,Infiniti,EX,2010,1681
169,Edeline,Townrow,etownrow4o@sohu.com,Toyota,Celica,1983,1570
170,Trixi,Yakovlev,tyakovlev4p@msu.edu,GMC,Jimmy,2000,1941
171,Christy,Reade,creade4q@google.co.uk,Saab,9-7X,2006,1817
172,Gayelord,Irce,girce4r@t.co,Mazda,RX-8,2005,1550
173,Bernie,Palmar,bpalmar4s@facebook.com,Chevrolet,Corvette,1988,1886
174,Rutter,Basire,rbasire4t@histats.com,GMC,Sierra 1500,2008,1550
175,Thane,Lismore,tlismore4u@aboutads.info,Mitsubishi,Montero,1994,1936
176,Tara,Phare,tphare4v@facebook.com,Chevrolet,Silverado 1500,2012,1633
177,Brion,Redmayne,bredmayne4w@1688.com,Volkswagen,Jetta,1991,1934
178,Gan,Richardin,grichardin4x@ft.com,Chrysler,300M,1999,1818
179,Fransisco,Hailes,fhailes4y@cloudflare.com,Chevrolet,Silverado 2500,2000,1588
180,Dru,Gladding,dgladding4z@webs.com,Acura,TL,2009,1921
181,Darrel,Palle,dpalle50@tripod.com,Mitsubishi,Mighty Max,1993,1581
182,Cornelius,Rampley,crampley51@bbb.org,Oldsmobile,Cutlass Cruiser,1993,1902
183,Natalee,Golding,ngolding52@yahoo.com,Ford,Festiva,1989,1601
184,Cherry,Mort,cmort53@over-blog.com,Chrysler,Town & Country,2009,1790
185,Mignonne,Worpole,mworpole54@google.com,Mitsubishi,Galant,2004,1733
186,Marleen,Poone,mpoone55@prweb.com,Toyota,Highlander,2009,1528
187,Halli,Fellibrand,hfellibrand56@cdc.gov,Jeep,Wrangler,2012,1917
188,Dasha,Stansby,dstansby57@kickstarter.com,Geo,Storm,1993,1881
189,Meggi,Giraudoux,mgiraudoux58@amazon.co.uk,Honda,Civic,1998,1838
190,Gilbert,Cubbin,gcubbin59@people.com.cn,Mazda,MX-6,1994,1934
191,Merrielle,Dunphy,mdunphy5a@ow.ly,Toyota,Land Cruiser,1997,1954
192,Tucker,Leicester,tleicester5b@jiathis.com,Chevrolet,3500,1997,1867
193,Leland,Skilling,lskilling5c@nifty.com,Mazda,626,1988,1730
194,Katlin,Gayne,kgayne5d@pinterest.com,Ford,Mustang,1996,1734
195,Joelynn,Clarson,jclarson5e@example.com,Oldsmobile,Silhouette,1992,1594
196,Murielle,Lafee,mlafee5f@vkontakte.ru,Chevrolet,Avalanche 2500,2002,1716
197,Shelbi,Sillis,ssillis5g@cpanel.net,Ford,Explorer,1997,1682
198,Sabrina,Duker,sduker5h@rakuten.co.jp,Porsche,911,2001,1537
199,Malorie,Joscelyn,mjoscelyn5i@yolasite.com,Aston Martin,DBS,2012,1629
200,Willyt,Lowde,wlowde5j@omniture.com,Ford,Club Wagon,1995,1961
201,Maye,Adao,madao5k@mail.ru,Plymouth,Acclaim,1995,1894
202,Efrem,Rosberg,erosberg5l@parallels.com,Ford,Mustang,2013,1672
203,Annissa,Carvell,acarvell5m@imageshack.us,Chevrolet,Prizm,2000,1527
204,Wallie,Overington,woverington5n@goo.ne.jp,Mitsubishi,Montero Sport,2000,1941
205,Joelie,Deesly,jdeesly5o@shareasale.com,Chevrolet,Corvette,1963,1587
206,Carmelita,Le Fevre,clefevre5p@soup.io,BMW,530,2007,1573
207,Delcina,Feuell,dfeuell5q@washingtonpost.com,Chevrolet,Silverado 1500,2008,1586
208,Jareb,Buesnel,jbuesnel5r@geocities.com,Volvo,V70,1998,1907
209,Kissie,Bellerby,kbellerby5s@simplemachines.org,Audi,A4,2009,1937
210,Shannah,Warke,swarke5t@diigo.com,Plymouth,Neon,1996,1561
211,Torrey,Braune,tbraune5u@who.int,Ford,Ranger,1994,1852
212,Earvin,Sondon,esondon5v@time.com,Ford,Focus,2008,1903
213,Leanna,Garratt,lgarratt5w@thetimes.co.uk,Lamborghini,Gallardo,2006,1657
214,Ruth,Durward,rdurward5x@dedecms.com,GMC,Safari,2000,1711
215,Cyndi,Chastang,cchastang5y@blogspot.com,Isuzu,Space,1993,1840
216,Ernest,Ripper,eripper5z@feedburner.com,Volvo,S80,1999,1851
217,Jilli,Rains,jrains60@amazon.co.uk,Ford,F350,2007,1636
218,Urban,Roofe,uroofe61@oaic.gov.au,Mitsubishi,Challenger,1999,1644
219,Alfy,Fugere,afugere62@usa.gov,Chevrolet,Beretta,1992,1610
220,Marmaduke,Hargitt,mhargitt63@dailymail.co.uk,Acura,RL,2003,1843
221,Renault,Shaylor,rshaylor64@nydailynews.com,Nissan,Pathfinder,1995,1864
222,Fulvia,Plaskitt,fplaskitt65@jimdo.com,Ford,Explorer Sport Trac,2010,1974
223,Andree,Kearle,akearle66@cdc.gov,Mazda,Mazda5,2008,1745
224,Ester,Spittles,espittles67@amazon.com,BMW,Z3,1997,1892
225,Bernelle,Lampl,blampl68@stanford.edu,Mercedes-Benz,S-Class,2004,1612
226,Mireille,Wicks,mwicks69@sbwire.com,Hummer,H1,1996,1751
227,Dagny,Strasse,dstrasse6a@livejournal.com,Chrysler,Cirrus,1995,1979
228,Menard,Maddison,mmaddison6b@i2i.jp,Subaru,Impreza,2009,1700
229,Maia,Damper,mdamper6c@tripadvisor.com,Mitsubishi,Chariot,1988,1784
230,Joli,Haycroft,jhaycroft6d@gravatar.com,Isuzu,Trooper,1996,1829
231,Felice,Cannop,fcannop6e@yellowpages.com,Toyota,Ipsum,2000,1949
232,Tull,Tournay,ttournay6f@whitehouse.gov,Chevrolet,Corvette,2004,1993
233,Leonore,Milmoe,lmilmoe6g@ed.gov,Toyota,Land Cruiser,2001,1618
234,Wilfrid,Ulyatt,wulyatt6h@bing.com,Porsche,944,1986,1736
235,Jakie,Souter,jsouter6i@bloomberg.com,Mercury,Sable,2009,1590
236,Harlan,Tolhurst,htolhurst6j@cpanel.net,Infiniti,G,1992,1577
237,Myrvyn,Ree,mree6k@xrea.com,Land Rover,Range Rover Classic,1993,1857
238,Corena,Marriage,cmarriage6l@usgs.gov,Audi,S4,2002,1984
239,Isaac,O'Sheilds,iosheilds6m@ask.com,Chrysler,Fifth Ave,1992,1714
240,Taffy,Saull,tsaull6n@nhs.uk,Chevrolet,Corvette,1970,1631
241,Cathryn,Pettet,cpettet6o@buzzfeed.com,Chevrolet,Camaro,1974,1859
242,Melonie,Cambridge,mcambridge6p@bing.com,Dodge,Stratus,1999,1954
243,Cindelyn,Harvatt,charvatt6q@yellowbook.com,Dodge,Grand Caravan,2011,1667
244,Meyer,Osbourne,mosbourne6r@reuters.com,Alfa Romeo,Spider,1993,1655
245,Dante,Fenkel,dfenkel6s@bravesites.com,Porsche,Cayenne,2011,1910
246,Heda,Minnock,hminnock6t@state.tx.us,Mitsubishi,Raider,2008,1983
247,Claudie,Poleykett,cpoleykett6u@yelp.com,Audi,R8,2009,1569
248,Case,Selbie,cselbie6v@t-online.de,Mitsubishi,Galant,2001,1636
249,Janeva,Hammerberger,jhammerberger6w@nyu.edu,Acura,MDX,2010,1702
250,Samuel,Rippon,srippon6x@paginegialle.it,Lotus,Exige,2009,1509
251,Daryn,Pavlishchev,dpavlishchev6y@linkedin.com,Porsche,911,2010,1687
252,Gretel,Scholes,gscholes6z@cbsnews.com,GMC,Jimmy,1995,1901
253,Eduard,Traite,etraite70@google.cn,Geo,Prizm,1992,1986
254,Cordelia,Headley,cheadley71@washingtonpost.com,Cadillac,DeVille,1994,1537
255,Melisandra,Domenicone,mdomenicone72@latimes.com,Renault,Alliance,1983,1544
256,Eleni,Wastling,ewastling73@t.co,Mercury,Grand Marquis,1996,1959
257,Brandie,Snashall,bsnashall74@amazon.co.jp,Toyota,Highlander,2001,1752
258,Kirbee,Toller,ktoller75@youtube.com,Pontiac,Torrent,2009,1919
259,Myca,Chansonnau,mchansonnau76@homestead.com,Jeep,Liberty,2009,1583
260,Shaun,Fiddler,sfiddler77@moonfruit.com,Toyota,Avalon,2012,1983
261,Constantine,Baulcombe,cbaulcombe78@shop-pro.jp,Mercedes-Benz,C-Class,2000,1556
262,Felic,Le Estut,fleestut79@sitemeter.com,Porsche,928,1989,1761
263,Diahann,Adanez,dadanez7a@facebook.com,Porsche,924 S,1987,1746
264,Byrle,Wooffitt,bwooffitt7b@yahoo.co.jp,Toyota,RAV4,2001,1719
265,Judie,Freschini,jfreschini7c@php.net,Saab,9-2X,2005,1708
266,Emmett,Van der Kruijs,evanderkruijs7d@cornell.edu,Chevrolet,Cavalier,1995,1909
267,Forster,Pierce,fpierce7e@noaa.gov,Dodge,Ram Van B350,1992,1804
268,Gasparo,Bertenshaw,gbertenshaw7f@delicious.com,Suzuki,Grand Vitara,2010,1625
269,Addy,Askin,aaskin7g@purevolume.com,Volkswagen,CC,2009,1565
270,Zola,Pellett,zpellett7h@flavors.me,Nissan,370Z,2012,1594
271,Shanon,Shenton,sshenton7i@webs.com,Volvo,S80,2012,1858
272,Patrice,Birdwistle,pbirdwistle7j@prlog.org,Mercedes-Benz,SLK-Class,1998,1800
273,Mariette,Roistone,mroistone7k@nyu.edu,Chevrolet,Venture,1998,1508
274,Eduard,Icke,eicke7l@51.la,BMW,M6,2007,1953
275,Pinchas,Sommerfeld,psommerfeld7m@squidoo.com,Mitsubishi,Montero,2002,1735
276,Weston,Gavin,wgavin7n@amazon.de,Ford,Laser,1987,1685
277,Shandie,Manners,smanners7o@google.com.br,Mitsubishi,Truck,1995,1597
278,Lila,Lacknor,llacknor7p@chron.com,Chevrolet,Aveo,2005,1935
279,Forbes,Lodo,flodo7q@salon.com,Infiniti,G,1994,1509
280,Ewen,Ayrs,eayrs7r@answers.com,Mercedes-Benz,300D,1993,1581
281,Pandora,Rymour,prymour7s@tinypic.com,Buick,Lucerne,2006,1523
282,Dexter,Gery,dgery7t@biblegateway.com,Nissan,Sentra,2002,1856
283,Ashlan,Bromell,abromell7u@cam.ac.uk,Pontiac,Firebird,1967,1653
284,Augustina,Gadman,agadman7v@g.co,Dodge,Ram 3500,2005,1794
285,Rakel,Balnave,rbalnave7w@google.co.jp,Pontiac,Bonneville,2001,1578
286,Melba,Bootton,mbootton7x@amazonaws.com,Nissan,Leaf,2011,1904
287,Alphonso,Ainslie,aainslie7y@4shared.com,Buick,Electra,1986,1951
288,Evanne,Ewington,eewington7z@last.fm,Chevrolet,Monte Carlo,2006,1536
289,Korry,Kitchenside,kkitchenside80@shareasale.com,Subaru,Justy,1989,1651
290,Sinclair,Mullard,smullard81@devhub.com,Citroën,SM,1972,1976
291,Ulric,Battersby,ubattersby82@latimes.com,Ford,Probe,1992,1822
292,Padgett,Whebell,pwhebell83@cam.ac.uk,Toyota,Prius,2009,1661
293,Guinevere,Hawksby,ghawksby84@ca.gov,Mercedes-Benz,S-Class,2005,1550
294,Thia,Epilet,tepilet85@arizona.edu,Mercedes-Benz,CL-Class,2009,1620
295,Christian,Murrhaupt,cmurrhaupt86@eepurl.com,Buick,Park Avenue,1996,1581
296,Lorna,Couchman,lcouchman87@linkedin.com,Audi,A6,2005,1987
297,Valencia,Dunkerley,vdunkerley88@hhs.gov,Volvo,XC70,2006,1863
298,Dicky,Dulany,ddulany89@yandex.ru,Chevrolet,Silverado 1500,2011,1776
299,Cariotta,Canacott,ccanacott8a@phpbb.com,Audi,A5,2011,1731
300,Amanda,Brandel,abrandel8b@symantec.com,GMC,Yukon XL 1500,2013,1973
301,Kacy,Mowday,kmowday8c@twitter.com,Honda,Civic,1980,1555
302,Torrance,Cosstick,tcosstick8d@w3.org,Pontiac,Firebird,1968,1827
303,Flo,Morrill,fmorrill8e@symantec.com,Nissan,Titan,2006,1746
304,Laural,Toon,ltoon8f@twitpic.com,Jeep,Wrangler,2009,1798
305,Billy,Connick,bconnick8g@google.ca,Volkswagen,Jetta,1993,1989
306,Kelley,Hlavecek,khlavecek8h@topsy.com,Honda,Odyssey,1998,1669
307,Zora,Bantham,zbantham8i@redcross.org,Mercedes-Benz,CLS-Class,2011,1923
308,Marne,Warhurst,mwarhurst8j@cdbaby.com,Mitsubishi,Truck,1994,1553
309,Glynn,Ledeker,gledeker8k@clickbank.net,Mitsubishi,Galant,2003,1867
310,Nessy,Brannigan,nbrannigan8l@sun.com,Hyundai,Veracruz,2009,1876
311,Leon,Braemer,lbraemer8m@bandcamp.com,Toyota,Celica,1995,1581
312,Kelvin,Passingham,kpassingham8n@google.com,Chevrolet,Camaro,1985,1689
313,Hubey,Latus,hlatus8o@merriam-webster.com,Buick,Century,2005,1891
314,Giacopo,Korb,gkorb8p@woothemes.com,Mercedes-Benz,S-Class,2003,1975
315,Tamarah,Rastrick,trastrick8q@webnode.com,Mazda,MX-3,1996,1677
316,Reynard,Mullane,rmullane8r@nydailynews.com,Mazda,Mazda5,2007,1881
317,Padraig,Beaver,pbeaver8s@disqus.com,Honda,Civic,2008,1578
318,Robbert,Pavyer,rpavyer8t@unicef.org,Chevrolet,2500,1993,1860
319,Kim,Weatherley,kweatherley8u@google.com.hk,Lincoln,Navigator,2000,1603
320,Chastity,Dumblton,cdumblton8v@oaic.gov.au,Suzuki,Grand Vitara,2012,1593
321,Aubrey,Murrhaupt,amurrhaupt8w@zimbio.com,Nissan,Xterra,2006,1724
322,Anne-marie,McCuaig,amccuaig8x@artisteer.com,Honda,S2000,2008,1719
323,Max,Enga,menga8y@skyrock.com,Chevrolet,Caprice,1995,1999
324,Zarah,Legon,zlegon8z@joomla.org,Toyota,Celica,1999,1959
325,Ricky,Belfelt,rbelfelt90@blog.com,Subaru,Alcyone SVX,1992,1732
326,Deb,McGunley,dmcgunley91@myspace.com,Volkswagen,Corrado,1991,1759
327,Belia,Bembrigg,bbembrigg92@over-blog.com,Chevrolet,Venture,2003,1816
328,Nataniel,Dunford,ndunford93@columbia.edu,Mercury,Grand Marquis,2006,1948
329,Lane,Woodgate,lwoodgate94@oracle.com,Dodge,Ram 50,1993,1968
330,Meredith,Gheerhaert,mgheerhaert95@youku.com,Audi,TT,2006,1939
331,Seka,Scalera,sscalera96@mapquest.com,Dodge,Caravan,1996,1673
332,Modestine,MacClure,mmacclure97@cnn.com,Bentley,Arnage,2005,1560
333,Gert,Moger,gmoger98@nymag.com,Subaru,XT,1990,1938
334,Patsy,Wapples,pwapples99@goo.ne.jp,Jaguar,XJ Series,2003,1747
335,Benedikt,Mc Dermid,bmcdermid9a@cdbaby.com,Ford,F-Series,2001,1772
336,Adriena,Griffith,agriffith9b@devhub.com,Dodge,Magnum,2005,1647
337,Keelby,Brass,kbrass9c@hp.com,Acura,TL,2010,1930
338,Ashil,Pegden,apegden9d@theguardian.com,Chrysler,Concorde,2002,1692
339,Mady,Caramuscia,mcaramuscia9e@elegantthemes.com,Volkswagen,GTI,1989,1757
340,Breanne,Gwinnett,bgwinnett9f@desdev.cn,Panoz,Esperante,2007,1833
341,Halli,Delatour,hdelatour9g@dailymotion.com,Chevrolet,Suburban 2500,2007,1813
342,Neysa,Le Fleming,nlefleming9h@reuters.com,Chevrolet,Avalanche 2500,2006,1753
343,Monika,Bockings,mbockings9i@pcworld.com,Aston Martin,V12 Vantage,2011,1814
344,Rubi,Stubley,rstubley9j@mit.edu,GMC,Sonoma Club,1992,1832
345,Mina,Reddle,mreddle9k@senate.gov,Chevrolet,Express 2500,2010,1875
346,Wini,Pitt,wpitt9l@harvard.edu,Infiniti,I,2004,1760
347,Joannes,Sleightholme,jsleightholme9m@constantcontact.com,Mitsubishi,3000GT,1995,1667
348,Piggy,Woolen,pwoolen9n@archive.org,Lexus,LX,2010,1995
349,Ronni,Limer,rlimer9o@ifeng.com,Chrysler,Town & Country,2009,1890
350,Denver,Barbera,dbarbera9p@chron.com,Chevrolet,Malibu,2003,1548
351,Hank,Ings,hings9q@skype.com,Jaguar,XJ,2008,1807
352,Tiffy,Veysey,tveysey9r@admin.ch,Lamborghini,Gallardo,2012,1567
353,Tomas,Howel,thowel9s@myspace.com,BMW,M,2002,1711
354,Licha,Veitch,lveitch9t@cbsnews.com,Chrysler,300,2010,1662
355,Rem,Forty,rforty9u@theglobeandmail.com,Mitsubishi,Outlander,2008,1837
356,Dasha,Cantu,dcantu9v@msu.edu,BMW,X3,2006,1855
357,Julie,Gannicott,jgannicott9w@deviantart.com,Buick,LeSabre,1996,1610
358,Constantine,Laffan,claffan9x@springer.com,Audi,A8,1997,1589
359,Marji,Clemetts,mclemetts9y@dailymotion.com,Hyundai,Tiburon,2007,1979
360,Jordan,Michie,jmichie9z@quantcast.com,Chevrolet,S10,1993,1706
361,Burgess,Penner,bpennera0@vimeo.com,Chevrolet,Avalanche 2500,2002,1697
362,Lana,Golthorpp,lgolthorppa1@csmonitor.com,Nissan,Altima,2011,1878
363,Alfonso,Sheivels,asheivelsa2@salon.com,Pontiac,Firebird,1987,1572
364,Idell,Yarnell,iyarnella3@usnews.com,Nissan,Frontier,2009,1709
365,Mariquilla,MacKey,mmackeya4@studiopress.com,Lexus,GS,1993,1788
366,Godfrey,Drivers,gdriversa5@xrea.com,Dodge,Durango,2008,1989
367,Katharine,Yerbury,kyerburya6@hc360.com,Infiniti,FX,2005,1939
368,Bryce,McGavigan,bmcgavigana7@histats.com,Mercedes-Benz,W201,1989,1528
369,Honey,Milliere,hmillierea8@soup.io,Honda,CR-V,1997,1685
370,Cullen,Klemmt,cklemmta9@samsung.com,Mercury,Topaz,1993,1998
371,Iorgos,Plowes,iplowesaa@mediafire.com,Chevrolet,Corvette,2012,1710
372,Michal,Ballantyne,mballantyneab@biblegateway.com,Jeep,Wrangler,2000,1896
373,Marijn,Manna,mmannaac@smh.com.au,Chevrolet,1500,1999,1638
374,Lacie,Ragate,lragatead@google.es,Suzuki,Esteem,1995,1523
375,Vere,Palmar,vpalmarae@goo.gl,Lamborghini,Countach,1989,1952
376,Free,Bytheway,fbythewayaf@economist.com,Jeep,Wrangler,2005,1519
377,Allina,Michel,amichelag@sourceforge.net,Plymouth,Neon,1997,1937
378,Ward,Chitham,wchithamah@nifty.com,Eagle,Talon,1996,1530
379,Patricia,Lambis,plambisai@alexa.com,Lamborghini,Murciélago,2010,1632
380,Ronna,Varcoe,rvarcoeaj@statcounter.com,Ford,Mustang,2010,1602
381,Jasun,Ellyatt,jellyattak@github.io,Mercury,Tracer,1997,1839
382,Arnold,Clutterbuck,aclutterbuckal@google.de,Isuzu,Space,1992,1683
383,Jarad,Duly,jdulyam@cdbaby.com,Subaru,Outback,2001,1941
384,Tedman,Fassmann,tfassmannan@si.edu,Pontiac,Trans Sport,1992,1639
385,Haleigh,Drewett,hdrewettao@e-recht24.de,GMC,Yukon,2004,1688
386,Boyce,Scotson,bscotsonap@cbc.ca,Chevrolet,Blazer,1996,1834
387,Sharron,Kmietsch,skmietschaq@vimeo.com,BMW,645,2004,1766
388,Rustin,Vanichev,rvanichevar@netvibes.com,Isuzu,Rodeo,1999,1926
389,Jacquenette,Forton,jfortonas@sitemeter.com,Dodge,Caliber,2012,1504
390,Tessy,Bettleson,tbettlesonat@apache.org,GMC,Yukon,2011,1698
391,Waring,Deverell,wdeverellau@pinterest.com,Infiniti,QX,2003,1774
392,Letty,Keig,lkeigav@sohu.com,Subaru,Outback,2002,1635
393,Renard,Aitkin,raitkinaw@umn.edu,Chevrolet,Malibu,2006,1814
394,Cora,Gariff,cgariffax@exblog.jp,Chevrolet,Cobalt,2008,1520
395,Neysa,Macenzy,nmacenzyay@youtube.com,Alfa Romeo,164,1995,1514
396,Gerda,Roistone,groistoneaz@quantcast.com,BMW,M5,1992,1688
397,Fanechka,Peck,fpeckb0@washingtonpost.com,Chevrolet,Venture,2005,1508
398,Manolo,Leppington,mleppingtonb1@bloomberg.com,Mitsubishi,Pajero,2003,1915
399,Rustin,Blunsen,rblunsenb2@nationalgeographic.com,Volkswagen,Golf,1987,1984
400,Normy,Lippatt,nlippattb3@earthlink.net,Volvo,S40,2003,1916
401,Adrianna,MacWhirter,amacwhirterb4@about.me,Mercedes-Benz,E-Class,2009,1547
402,Cleopatra,Coggan,ccogganb5@amazon.de,Mazda,Mazdaspeed 3,2007,1786
403,Barnabe,Baish,bbaishb6@edublogs.org,Volkswagen,GTI,2002,1659
404,Cary,McMenamin,cmcmenaminb7@ftc.gov,Pontiac,Grand Prix,1971,1918
405,Margit,Anwell,manwellb8@woothemes.com,Toyota,T100,1994,1959
406,Delphine,Toogood,dtoogoodb9@geocities.jp,Pontiac,Grand Prix,1963,1630
407,Cristy,Denisyev,cdenisyevba@twitter.com,Dodge,D150 Club,1993,1655
408,Nettle,Mordan,nmordanbb@bigcartel.com,Lincoln,Navigator,2006,1824
409,Marnia,Branwhite,mbranwhitebc@ibm.com,Mitsubishi,Expo,1995,1853
410,Isacco,Reijmers,ireijmersbd@cargocollective.com,Dodge,Daytona,1993,1575
411,Hatty,Peschka,hpeschkabe@hp.com,Dodge,Ram Van 2500,2001,1932
412,Aguste,Cockerill,acockerillbf@amazon.de,Oldsmobile,Cutlass Supreme,1995,1842
413,Christiane,Goranov,cgoranovbg@myspace.com,Dodge,Ram 3500,1999,1920
414,Hal,Scarff,hscarffbh@ca.gov,Buick,Coachbuilder,1995,1755
415,Manolo,Wrate,mwratebi@desdev.cn,BMW,3 Series,2006,1644
416,Arabel,Brunon,abrunonbj@clickbank.net,Mitsubishi,Mirage,1996,1905
417,Norbie,Woodcock,nwoodcockbk@goodreads.com,Nissan,Xterra,2007,1844
418,Jenifer,Perrelli,jperrellibl@nature.com,Mitsubishi,Lancer,2003,1518
419,Graham,Randerson,grandersonbm@posterous.com,Ford,Mustang,2002,1731
420,Erika,Lynthal,elynthalbn@salon.com,Pontiac,Fiero,1988,1655
421,Dur,Greenshields,dgreenshieldsbo@tamu.edu,Honda,Accord,2012,1945
422,Michael,Hallows,mhallowsbp@wsj.com,Ford,Expedition,1999,1768
423,Clemmy,Denisevich,cdenisevichbq@netlog.com,Land Rover,Discovery,1999,1686
424,Iormina,Carletti,icarlettibr@youtube.com,Ferrari,F430 Spider,2006,1968
425,Franklin,Sibbet,fsibbetbs@github.com,Chevrolet,Colorado,2006,1553
426,Garrick,McWhan,gmcwhanbt@free.fr,Nissan,Quest,1998,1692
427,Wald,Rix,wrixbu@psu.edu,Tesla,Roadster,2012,1905
428,Bryant,Gilmore,bgilmorebv@google.com.br,Mercedes-Benz,SLS AMG,2012,1534
429,Hamel,Nagle,hnaglebw@patch.com,BMW,Z3,2001,1883
430,Guglielmo,Najara,gnajarabx@google.ca,Jeep,Liberty,2009,1661
431,Loy,Lillicrop,llillicropby@mlb.com,Nissan,Frontier,2011,1626
432,Laird,Duell,lduellbz@elegantthemes.com,Eagle,Talon,1995,1855
433,Marleah,Leather,mleatherc0@gov.uk,Chevrolet,Avalanche,2010,1944
434,Jeremias,Conkay,jconkayc1@com.com,Dodge,Durango,2005,1969
435,Mikol,Hayne,mhaynec2@dell.com,GMC,Yukon,1998,1603
436,Teresina,Mace,tmacec3@aol.com,Mercedes-Benz,E-Class,1995,1822
437,Conny,Rickersy,crickersyc4@twitpic.com,Ford,Mustang,1964,1900
438,Marley,Kirtlan,mkirtlanc5@apache.org,Mercedes-Benz,E-Class,1994,1881
439,Ellwood,Ainsworth,eainsworthc6@ucsd.edu,Mercedes-Benz,M-Class,2000,1634
440,Avram,Broady,abroadyc7@pcworld.com,Hyundai,XG350,2005,1894
441,Wendeline,Martt,wmarttc8@wikimedia.org,Maserati,430,1991,1577
442,Claresta,Van Der Vlies,cvandervliesc9@sphinn.com,Chevrolet,Caprice,1991,1538
443,Neron,Stuchbery,nstuchberyca@wordpress.org,Lincoln,Continental,1996,1969
444,Bertie,Sidworth,bsidworthcb@tumblr.com,BMW,645,2005,1888
445,Jakie,Denne,jdennecc@dyndns.org,Jeep,Grand Cherokee,2010,1842
446,Micki,Willmot,mwillmotcd@miibeian.gov.cn,Chevrolet,Suburban 1500,1997,1637
447,Vita,Dudmesh,vdudmeshce@pagesperso-orange.fr,Aston Martin,DB9 Volante,2006,1635
448,Clem,Lardez,clardezcf@acquirethisname.com,Mitsubishi,Raider,2006,1954
449,Berkley,Brindle,bbrindlecg@scientificamerican.com,Lexus,ES,2005,1885
450,Chevalier,Parcall,cparcallch@time.com,Mercedes-Benz,SL-Class,2002,1670
451,Kelsey,Dawkins,kdawkinsci@amazon.de,Hyundai,Genesis Coupe,2011,1995
452,Gerald,Pettiford,gpettifordcj@nationalgeographic.com,Volvo,S40,2005,1887
453,Alonzo,Bewicke,abewickeck@opensource.org,Mazda,Millenia,2001,1811
454,Nara,Peddel,npeddelcl@sohu.com,Dodge,Stealth,1992,1620
455,Vittoria,Colbridge,vcolbridgecm@bluehost.com,Porsche,Boxster,2005,1724
456,Amalita,Jillitt,ajillittcn@seattletimes.com,Dodge,Challenger,2010,1555
457,Ania,Shafier,ashafierco@telegraph.co.uk,Ferrari,430 Scuderia,2009,1916
458,Alfie,Kidstone,akidstonecp@vk.com,Kia,Optima,2010,1890
459,Carly,Shills,cshillscq@sciencedaily.com,Infiniti,QX,2006,1925
460,Hansiain,Rozsa,hrozsacr@sina.com.cn,Ford,Mustang,1969,1830
461,Nels,Brunelli,nbrunellics@xing.com,Lexus,LX,2005,1796
462,Gallagher,Rymer,grymerct@blog.com,Dodge,Viper RT/10,1993,1883
463,Cecilius,Turmell,cturmellcu@marriott.com,Cadillac,Escalade EXT,2002,1905
464,Rica,Fellgate,rfellgatecv@sourceforge.net,Toyota,Echo,2005,1797
465,Wendel,Geroldini,wgeroldinicw@eepurl.com,Chevrolet,2500,1993,1517
466,Lonnie,Spikeings,lspikeingscx@ocn.ne.jp,Chevrolet,Metro,2000,1936
467,Amble,Doring,adoringcy@github.io,Honda,Fit,2009,1842
468,Boigie,Filippazzo,bfilippazzocz@booking.com,Mitsubishi,Mirage,1987,1899
469,Howey,Svanetti,hsvanettid0@yolasite.com,Dodge,Ram 2500,1994,1601
470,Maddie,Dome,mdomed1@msn.com,Chevrolet,Blazer,1997,1855
471,Marlyn,Comar,mcomard2@google.de,Toyota,T100 Xtra,1995,1948
472,Darb,Dimbleby,ddimblebyd3@php.net,Volvo,XC90,2009,1851
473,Reider,Gilman,rgilmand4@nationalgeographic.com,Mazda,B-Series,1992,1948
474,Ally,Sainz,asainzd5@huffingtonpost.com,Saab,9-3,2001,1711
475,Moria,Robion,mrobiond6@weebly.com,Toyota,Camry Solara,2008,1881
476,Albrecht,Huc,ahucd7@phoca.cz,Ford,Mustang,1987,1911
477,Delinda,Thecham,dthechamd8@redcross.org,Dodge,Ram 1500 Club,1998,1914
478,Weidar,Vuitte,wvuitted9@globo.com,Dodge,Ram 1500,2010,1580
479,Lisabeth,Chape,lchapeda@nps.gov,Nissan,Altima,2010,1603
480,Aundrea,Hanning,ahanningdb@exblog.jp,Toyota,Supra,1998,1890
481,Hamid,Tollady,htolladydc@mayoclinic.com,Chevrolet,Venture,2001,1863
482,Bethena,Febvre,bfebvredd@cbsnews.com,Hyundai,Equus,2012,1927
483,Courtney,Yesenev,cyesenevde@home.pl,Chevrolet,Avalanche,2002,1980
484,Joya,Lodovichi,jlodovichidf@zimbio.com,Chevrolet,Silverado,2011,1669
485,Neile,MacMaykin,nmacmaykindg@exblog.jp,Land Rover,LR3,2009,1851
486,Woody,Le Huquet,wlehuquetdh@intel.com,Dodge,Grand Caravan,1995,1979
487,Alisun,Howsin,ahowsindi@mit.edu,Toyota,Avalon,1997,1876
488,Wilhelmine,Jeayes,wjeayesdj@jugem.jp,Lexus,LX,1998,1764
489,Adelice,Mabbs,amabbsdk@cbsnews.com,Chrysler,Sebring,2007,1666
490,Wilfrid,Cossem,wcossemdl@loc.gov,Mercedes-Benz,600SEC,1993,1680
491,Lynda,Newlands,lnewlandsdm@europa.eu,Lincoln,Town Car,1993,1568
492,Rick,Westraw,rwestrawdn@tumblr.com,Mercury,Grand Marquis,2000,1832
493,Eloise,MacNalley,emacnalleydo@bigcartel.com,Lexus,ES,1994,1598
494,Bride,Veneur,bveneurdp@dagondesign.com,Acura,CL,2001,1513
495,Kippie,Tweddle,ktweddledq@ft.com,Kia,Sephia,1997,1563
496,Dannie,Meadway,dmeadwaydr@xrea.com,Jaguar,XK,2006,1920
497,Ola,Gilffillan,ogilffillands@ftc.gov,Suzuki,Grand Vitara,2000,1610
498,Laurel,Iohananof,liohananofdt@nifty.com,Acura,RSX,2006,1544
499,Frankie,MacVicar,fmacvicardu@sciencedaily.com,Toyota,Celica,2003,1697
500,Zared,Judd,zjudddv@shinystat.com,Subaru,Brat,1985,1774
501,Joannes,Gyngyll,jgyngylldw@cmu.edu,Volkswagen,Touareg,2012,1978
502,Jarrett,Peach,jpeachdx@is.gd,Ford,Explorer,2013,1555
503,Kim,Seilmann,kseilmanndy@apple.com,Mazda,626,1983,1833
504,Rosamond,Schustl,rschustldz@amazonaws.com,Cadillac,Escalade,2002,1775
505,Roderick,Treweke,rtrewekee0@exblog.jp,Ford,Expedition,2006,1601
506,Lindsey,Heild,lheilde1@cyberchimps.com,GMC,Sierra 3500,2003,1776
507,Hilton,Satterly,hsatterlye2@hp.com,Subaru,Outback,2012,1619
508,Joletta,Scholcroft,jscholcrofte3@va.gov,Chrysler,Fifth Ave,1992,1597
509,Ingar,Grahame,igrahamee4@4shared.com,Volvo,V50,2009,1602
510,Joshuah,Falkner,jfalknere5@domainmarket.com,Mitsubishi,Eclipse,1993,1529
511,Hollyanne,Birchett,hbirchette6@sfgate.com,Honda,Ridgeline,2010,1629
512,Clayson,Sturt,csturte7@tmall.com,Dodge,D150 Club,1992,1619
513,Brandea,Womack,bwomacke8@auda.org.au,Plymouth,Fury,1964,1703
514,Petronia,Mattek,pmatteke9@posterous.com,Dodge,Caliber,2009,1862
515,Aguistin,Offen,aoffenea@ocn.ne.jp,Toyota,Tercel,1995,1672
516,Maddi,Hatliff,mhatliffeb@cloudflare.com,Isuzu,Ascender,2009,1808
517,Wes,Tirone,wtironeec@spotify.com,Lincoln,Town Car,1989,1788
518,Nicol,Breinl,nbreinled@unc.edu,Hyundai,Tucson,2012,1760
519,Conni,Nottingham,cnottinghamee@usnews.com,Ford,Thunderbird,1997,1806
520,Ludvig,Martinec,lmartinecef@multiply.com,Lotus,Exige,2004,1835
521,Karita,Bentsen,kbentseneg@whitehouse.gov,BMW,7 Series,2005,1778
522,Bella,Baird,bbairdeh@cafepress.com,Ford,Freestyle,2006,1999
523,Giselle,Sellars,gsellarsei@shinystat.com,Pontiac,G6,2010,1751
524,Leigh,Worters,lwortersej@bing.com,Pontiac,Grand Prix,1975,1962
525,Yolanda,Whittock,ywhittockek@psu.edu,Pontiac,Firebird,1969,1552
526,Debee,LaBastida,dlabastidael@archive.org,Nissan,Rogue,2008,1545
527,Read,Borsnall,rborsnallem@noaa.gov,Buick,Rainier,2007,1855
528,Aland,Jewsbury,ajewsburyen@unicef.org,Hyundai,Elantra,2013,1554
529,Wilmar,Borel,wboreleo@acquirethisname.com,Plymouth,Neon,1999,1605
530,Gill,Preuvost,gpreuvostep@domainmarket.com,Saab,9-7X,2005,1827
531,Modesta,Scholey,mscholeyeq@washingtonpost.com,BMW,6 Series,2008,1829
532,Roland,Ager,ragerer@behance.net,Pontiac,Trans Sport,1990,1972
533,Lurleen,Poytheras,lpoytherases@furl.net,Aston Martin,Virage,2011,1949
534,Theodoric,Drioli,tdrioliet@cdc.gov,Audi,80,1990,1654
535,Edita,Millett,emilletteu@hugedomains.com,Jeep,Commander,2010,1609
536,Beverley,Roblett,broblettev@geocities.jp,Volvo,S80,2011,1775
537,Charley,Spurnier,cspurnierew@rakuten.co.jp,BMW,X5 M,2011,1513
538,Fredek,Lawless,flawlessex@domainmarket.com,Lincoln,Town Car,2000,1920
539,Chet,Slade,csladeey@mac.com,Oldsmobile,Silhouette,2002,1814
540,Heinrick,Keat,hkeatez@sciencedirect.com,Lexus,GS,1999,1982
541,Shelia,Powis,spowisf0@gizmodo.com,GMC,Sierra 3500,2011,1516
542,Mara,Boyfield,mboyfieldf1@photobucket.com,Dodge,Ram 2500 Club,1995,1939
543,Mel,Matheson,mmathesonf2@furl.net,Porsche,Cayman,2008,1696
544,Hobart,Kornacki,hkornackif3@hostgator.com,Ford,Bronco,1987,1682
545,Hyman,Sorrel,hsorrelf4@desdev.cn,Aston Martin,Vantage,2011,1541
546,Glyn,Allen,gallenf5@sakura.ne.jp,Dodge,Avenger,2009,1516
547,Salem,Zealey,szealeyf6@nature.com,Mitsubishi,Truck,1995,1517
548,Minna,Parlot,mparlotf7@blogtalkradio.com,Porsche,911,2010,1646
549,Georgia,Claiden,gclaidenf8@cdbaby.com,Nissan,Quest,1998,1646
550,Justino,Carayol,jcarayolf9@godaddy.com,Mitsubishi,Pajero,1991,1691
551,Dunn,Calrow,dcalrowfa@omniture.com,Cadillac,Sixty Special,1993,1579
552,Aime,Crohan,acrohanfb@multiply.com,Hyundai,Tiburon,1997,1960
553,Gris,Kubat,gkubatfc@engadget.com,Mercedes-Benz,S-Class,1993,1867
554,Rosco,Lowdeane,rlowdeanefd@arizona.edu,GMC,Yukon,1995,1723
555,Lindon,Atack,latackfe@wiley.com,Geo,Metro,1992,1798
556,Haily,Fendley,hfendleyff@github.io,Chevrolet,Cavalier,2004,1857
557,Birk,Stobo,bstobofg@wix.com,Chrysler,Imperial,1926,1576
558,Dewitt,Ewell,dewellfh@csmonitor.com,Mazda,626,1987,1638
559,Annis,Loines,aloinesfi@arizona.edu,Kia,Amanti,2007,1527
560,Marje,Stevani,mstevanifj@clickbank.net,BMW,Z4 M,2009,1999
561,Giulia,Leehane,gleehanefk@earthlink.net,Scion,iQ,2012,1616
562,Orelie,Knewstubb,oknewstubbfl@uiuc.edu,Mitsubishi,Eclipse,2008,1690
563,Elbertina,Sandilands,esandilandsfm@tuttocitta.it,BMW,7 Series,1993,1881
564,Denise,Santoro,dsantorofn@networksolutions.com,Audi,Q7,2011,1900
565,Corene,Seton,csetonfo@yale.edu,Ford,Crown Victoria,1996,1991
566,Neils,Andrusyak,nandrusyakfp@jimdo.com,Chevrolet,Suburban 1500,1996,1757
567,Morie,Courcey,mcourceyfq@wired.com,Lexus,ES,2000,1565
568,Shelli,Biggs,sbiggsfr@google.pl,Mazda,CX-9,2010,1525
569,Celestine,Paolone,cpaolonefs@cafepress.com,GMC,2500 Club Coupe,1992,1952
570,Roxie,McTurley,rmcturleyft@adobe.com,Lotus,Esprit,1990,1646
571,Jobie,Mariyushkin,jmariyushkinfu@webmd.com,Chevrolet,Beretta,1993,1844
572,Georgia,Routledge,groutledgefv@devhub.com,Suzuki,Grand Vitara,2007,1536
573,Bernardo,Stillert,bstillertfw@google.fr,Ford,F-Series Super Duty,2007,1620
574,Wolfie,Thoresby,wthoresbyfx@diigo.com,Ford,Escort,1990,1561
575,Joell,Dann,jdannfy@1688.com,Pontiac,G6,2009,1785
576,Kinsley,Byron,kbyronfz@storify.com,Kia,Optima,2011,1556
577,Merv,Heinrich,mheinrichg0@goodreads.com,Mitsubishi,Endeavor,2011,1505
578,Lauretta,Brigshaw,lbrigshawg1@disqus.com,Hummer,H1,2002,1582
579,Karine,O'Corren,kocorreng2@fc2.com,Subaru,Alcyone SVX,1994,1586
580,Blane,Grizard,bgrizardg3@github.com,Infiniti,QX,2003,1602
581,Kellie,Rickesies,krickesiesg4@sogou.com,Saturn,Aura,2008,1691
582,Florina,McGirl,fmcgirlg5@miitbeian.gov.cn,BMW,5 Series,2005,1749
583,Patrizius,Chuck,pchuckg6@ucla.edu,Buick,Roadmaster,1995,1611
584,Aline,Billes,abillesg7@discovery.com,Aston Martin,DBS,2012,1641
585,Gilly,McTeggart,gmcteggartg8@com.com,GMC,Acadia,2007,1852
586,Vannie,Hembry,vhembryg9@businesswire.com,Chevrolet,Camaro,1969,1612
587,Audry,Woodhouse,awoodhousega@blogtalkradio.com,BMW,545,2005,1574
588,Jelene,McClary,jmcclarygb@cpanel.net,Hyundai,Veracruz,2009,1641
589,Krystle,Bernet,kbernetgc@newsvine.com,Jaguar,XJ Series,1996,1818
590,Letti,Diggles,ldigglesgd@1und1.de,Infiniti,G,1994,1820
591,Saree,Lount,slountge@php.net,Hummer,H1,2003,1614
592,Aloysia,Pantridge,apantridgegf@skyrock.com,GMC,Canyon,2006,1657
593,Boote,Toothill,btoothillgg@blogtalkradio.com,BMW,325,2005,1878
594,Georgianna,Gibbard,ggibbardgh@blinklist.com,Hyundai,Genesis Coupe,2013,1703
595,Boniface,Klaes,bklaesgi@toplist.cz,Jaguar,XF,2009,1800
596,Florella,Scrine,fscrinegj@last.fm,GMC,Savana 2500,2006,1744
597,Salome,Frawley,sfrawleygk@nationalgeographic.com,Toyota,4Runner,1995,1850
598,Ham,Fricker,hfrickergl@virginia.edu,Lotus,Elan,1991,1837
599,Charmine,Sail,csailgm@smugmug.com,Chevrolet,Corvette,1997,1889
600,Kathy,Tavernor,ktavernorgn@ow.ly,Chevrolet,G-Series G30,1995,1747
601,Gillie,Brellin,gbrellingo@tinypic.com,Audi,S8,2009,1721
602,Stanly,Heistermann,sheistermanngp@vkontakte.ru,Ford,Explorer,2007,1502
603,Dorena,Dranfield,ddranfieldgq@seesaa.net,Bentley,Continental,2011,1548
604,Avril,Ellgood,aellgoodgr@hao123.com,Audi,A3,2006,1656
605,Dory,Maudett,dmaudettgs@ifeng.com,Audi,R8,2011,1798
606,Philis,Pickvance,ppickvancegt@e-recht24.de,Infiniti,G37,2012,1604
607,Martin,Bresnen,mbresnengu@bbc.co.uk,Mitsubishi,Diamante,1994,1610
608,Freemon,Bogart,fbogartgv@yellowpages.com,Nissan,Sentra,1995,1704
609,Ilse,Aspole,iaspolegw@soundcloud.com,Ford,Mustang,1971,1776
610,Yardley,Prestland,yprestlandgx@amazon.de,Ford,Edge,2011,1592
611,Renata,Flowith,rflowithgy@salon.com,Lamborghini,Countach,1989,1834
612,Linette,Gyves,lgyvesgz@sakura.ne.jp,Volvo,S80,2004,1537
613,Robinette,Spearman,rspearmanh0@deviantart.com,Mitsubishi,Galant,2000,1759
614,Constantine,Meanwell,cmeanwellh1@hc360.com,Ferrari,California,2010,1667
615,Tracey,Summerside,tsummersideh2@mozilla.org,BMW,Z3,1996,1801
616,Marlon,Cicullo,mciculloh3@hp.com,Volkswagen,Touareg,2007,1502
617,Lizbeth,Garces,lgarcesh4@boston.com,Geo,Tracker,1992,1802
618,Kendrick,Greave,kgreaveh5@amazon.com,Audi,Q7,2008,1975
619,Louella,Kasperski,lkasperskih6@webeden.co.uk,Kia,Sportage,2009,1517
620,Corbie,Dressel,cdresselh7@berkeley.edu,GMC,Rally Wagon 1500,1993,1837
621,Poul,Keppie,pkeppieh8@squidoo.com,Volkswagen,Touareg,2007,1712
622,Margaret,Cuthbert,mcuthberth9@yellowbook.com,Audi,TT,2012,1952
623,Amelina,Snoxill,asnoxillha@jugem.jp,BMW,Z3,2002,1836
624,Dorothee,Borthram,dborthramhb@china.com.cn,Mercedes-Benz,CLK-Class,2001,1566
625,Mickie,Weber,mweberhc@accuweather.com,Chrysler,PT Cruiser,2003,1686
626,Casi,Itzchaki,citzchakihd@npr.org,Pontiac,Grand Prix,1976,1536
627,Denyse,Gaskell,dgaskellhe@wordpress.org,Infiniti,M,2008,1559
628,Olivero,Attwoull,oattwoullhf@mit.edu,Land Rover,Discovery,2000,1921
629,Colet,Le Pine,clepinehg@xinhuanet.com,Scion,xA,2005,1848
630,Garry,Pavia,gpaviahh@europa.eu,Cadillac,Escalade EXT,2005,1611
631,Arabelle,Domenge,adomengehi@alexa.com,Kia,Sephia,1994,1654
632,Issy,Hayth,ihaythhj@businesswire.com,Mazda,Miata MX-5,1992,1944
633,Brande,Herries,bherrieshk@mozilla.org,Mitsubishi,GTO,1995,1780
634,Deidre,Duchasteau,dduchasteauhl@xrea.com,Mitsubishi,Mirage,1991,1868
635,Jerry,Zanetello,jzanetellohm@wikispaces.com,GMC,Sierra 3500,2009,1615
636,Prue,Artiss,partisshn@goodreads.com,Infiniti,G,2005,1836
637,Berty,Crassweller,bcrasswellerho@ask.com,Toyota,Corolla,2011,1782
638,Karyl,Tuvey,ktuveyhp@feedburner.com,Mercedes-Benz,SL-Class,1994,1576
639,Carlita,Krikorian,ckrikorianhq@zimbio.com,Mazda,Mazda3,2011,1707
640,Jude,Heggman,jheggmanhr@cdc.gov,Chevrolet,Sportvan G20,1993,1931
641,Lockwood,Patrick,lpatrickhs@lycos.com,Chrysler,Sebring,2009,1622
642,Caren,Cromblehome,ccromblehomeht@mail.ru,Bentley,Arnage,2008,1983
643,Harry,Waslin,hwaslinhu@wsj.com,Lamborghini,Murciélago,2002,1738
644,Deanna,Havis,dhavishv@homestead.com,Audi,Cabriolet,1995,1579
645,Brewster,Ornells,bornellshw@google.nl,Pontiac,Firebird Formula,1992,1955
646,Alonzo,Le Gassick,alegassickhx@slate.com,Suzuki,Forenza,2007,1726
647,Amberly,Raddenbury,araddenburyhy@salon.com,Acura,RL,2000,1952
648,Cary,Felmingham,cfelminghamhz@deliciousdays.com,Cadillac,Escalade EXT,2007,1720
649,Missy,Rhodus,mrhodusi0@mashable.com,Toyota,Xtra,1994,1888
650,Rasia,Boyett,rboyetti1@github.io,Chevrolet,Cavalier,2005,1907
651,Kellie,Reilinger,kreilingeri2@biblegateway.com,Ford,Explorer,2003,1539
652,Fae,Canas,fcanasi3@imdb.com,Mitsubishi,Expo,1992,1998
653,Abe,Officer,aofficeri4@wsj.com,Mazda,Protege,1994,1830
654,Isidoro,Skeats,iskeatsi5@shop-pro.jp,Chevrolet,3500,2000,1511
655,Laurene,Mayze,lmayzei6@independent.co.uk,Mercedes-Benz,CL-Class,2011,1555
656,Nial,Rodger,nrodgeri7@wunderground.com,Mercedes-Benz,C-Class,2009,1600
657,Rosabelle,Whitters,rwhittersi8@amazon.co.uk,Ford,Fiesta,2012,1906
658,Ellen,Oaten,eoateni9@squarespace.com,Ford,Focus,2011,1676
659,Niel,Smerdon,nsmerdonia@walmart.com,Volvo,S80,2008,1640
660,Rosamund,Gaylard,rgaylardib@blinklist.com,Mazda,CX-7,2007,1661
661,Richmound,Maciejak,rmaciejakic@tumblr.com,Kia,Amanti,2006,1688
662,Grantley,Hayhoe,ghayhoeid@omniture.com,Volkswagen,GTI,2005,1722
663,Margot,Riddle,mriddleie@odnoklassniki.ru,Chevrolet,Suburban 1500,2004,1941
664,Caleb,Verma,cvermaif@livejournal.com,Land Rover,Freelander,2008,1535
665,Dixie,Scrine,dscrineig@a8.net,Chevrolet,Silverado 3500,2008,1849
666,Hercules,Aldwick,haldwickih@phoca.cz,Ford,Probe,1990,1952
667,Lin,Sander,lsanderii@godaddy.com,Chrysler,LeBaron,1993,1512
668,Jaine,Danielczyk,jdanielczykij@nytimes.com,Lamborghini,Gallardo,2004,1532
669,Jacquette,Devon,jdevonik@aol.com,Hyundai,Sonata,2008,2000
670,Teodoro,Hovington,thovingtonil@washington.edu,Honda,Accord,1998,1623
671,Damara,Labin,dlabinim@cnn.com,Ram,1500,2011,1891
672,Rhona,Tollemache,rtollemachein@aboutads.info,Mazda,MX-5,1999,1713
673,Ugo,M'Chirrie,umchirrieio@diigo.com,Audi,RS 4,2008,1580
674,Olympie,Macilhench,omacilhenchip@myspace.com,McLaren,MP4-12C,2012,1927
675,Cynde,Stearndale,cstearndaleiq@sbwire.com,Dodge,Durango,2002,1586
676,Chantalle,Barkway,cbarkwayir@census.gov,GMC,Suburban 1500,1993,1749
677,Arlen,Di Antonio,adiantoniois@goo.gl,Mitsubishi,Mirage,1996,1778
678,Allene,Kill,akillit@simplemachines.org,Buick,Park Avenue,1993,1505
679,Alane,Cashman,acashmaniu@statcounter.com,Hyundai,Elantra,1998,1513
680,Shea,Ilyasov,silyasoviv@vistaprint.com,Lincoln,Continental,2002,1511
681,Kathryn,Malia,kmaliaiw@apple.com,Chevrolet,Cobalt SS,2009,1936
682,Marvin,Youll,myoullix@wisc.edu,GMC,Envoy XL,2004,1921
683,Muffin,Maestrini,mmaestriniiy@google.com,Mazda,626,1984,1923
684,Alexander,Mawhinney,amawhinneyiz@bigcartel.com,Mazda,Mazdaspeed 3,2012,1954
685,Willette,Twinberrow,wtwinberrowj0@upenn.edu,Volvo,V40,2003,1882
686,Haze,Gardiner,hgardinerj1@cnn.com,Dodge,Ram Van B250,1994,1623
687,Marina,Woolpert,mwoolpertj2@privacy.gov.au,Cadillac,CTS,2004,1836
688,Davey,Fost,dfostj3@privacy.gov.au,Mercedes-Benz,M-Class,2006,1525
689,Carie,Swate,cswatej4@pcworld.com,Honda,Accord,2012,1666
690,Guillema,McWilliam,gmcwilliamj5@google.ca,Infiniti,G35,2003,1645
691,Dallas,Gini,dginij6@google.pl,Hyundai,Elantra,2003,1785
692,Bendick,Calvert,bcalvertj7@creativecommons.org,Chevrolet,2500,1997,1731
693,Gerald,Stoves,gstovesj8@arstechnica.com,Audi,A6,2010,1660
694,Verla,Tanslie,vtansliej9@cnbc.com,Chevrolet,Monte Carlo,1995,1601
695,Donelle,Grishkov,dgrishkovja@shinystat.com,Chevrolet,Impala,2006,1942
696,Robinet,O'Heaney,roheaneyjb@google.com.au,Rolls-Royce,Ghost,2012,1725
697,Virge,Danelutti,vdaneluttijc@ftc.gov,Dodge,Ram 1500 Club,1996,1526
698,Clint,Dearle-Palser,cdearlepalserjd@google.com.br,Oldsmobile,88,1997,1657
699,Dory,Ratie,dratieje@cargocollective.com,Mercury,Mountaineer,2002,1983
700,Edithe,Fieldsend,efieldsendjf@nps.gov,GMC,Rally Wagon 1500,1992,1576
701,Alastair,Enstone,aenstonejg@skype.com,Ford,Explorer,2005,1741
702,Korney,Maylor,kmaylorjh@webs.com,Lincoln,LS,2002,1668
703,Giorgia,Toulamain,gtoulamainji@intel.com,Saturn,VUE,2003,1871
704,Gabey,Pheazey,gpheazeyjj@cbslocal.com,Ford,Escape,2001,1617
705,Elvina,Onge,eongejk@is.gd,Volkswagen,Golf,1985,1836
706,Aksel,Byars,abyarsjl@economist.com,GMC,Safari,2005,1975
707,Tana,Darrigoe,tdarrigoejm@columbia.edu,Nissan,Murano,2005,1551
708,Vidovik,Whiffin,vwhiffinjn@harvard.edu,Mercedes-Benz,R-Class,2011,1988
709,Benjie,Bothbie,bbothbiejo@marketwatch.com,Acura,TL,2000,1874
710,Egon,Jerams,ejeramsjp@imageshack.us,Suzuki,Esteem,1998,1639
711,Nikki,Kefford,nkeffordjq@vkontakte.ru,Cadillac,Catera,1999,1553
712,Orion,Pautot,opautotjr@purevolume.com,Subaru,Outback,2008,1728
713,Alex,Okill,aokilljs@addtoany.com,Mazda,B-Series,2000,1874
714,Jude,Le Fevre,jlefevrejt@sciencedaily.com,Toyota,MR2,2005,1513
715,Lari,Fortie,lfortieju@nasa.gov,Pontiac,Sunfire,2000,1590
716,Althea,Hovenden,ahovendenjv@nationalgeographic.com,Ford,LTD Crown Victoria,1985,1766
717,Thorsten,Dytham,tdythamjw@stumbleupon.com,Volvo,240,1992,1694
718,Celesta,Buckberry,cbuckberryjx@buzzfeed.com,Mazda,929,1990,1571
719,Isidoro,Bezzant,ibezzantjy@tripod.com,Suzuki,Sidekick,1994,1704
720,Sim,Rodolfi,srodolfijz@wix.com,Suzuki,X-90,1996,1531
721,Domenic,O'Hogertie,dohogertiek0@discovery.com,Volkswagen,Phaeton,2006,1743
722,Cordell,Jaume,cjaumek1@oakley.com,Scion,tC,2006,1726
723,Michal,Heindle,mheindlek2@vkontakte.ru,Buick,Century,1995,1605
724,Halsey,Krauss,hkraussk3@prweb.com,Pontiac,G6,2007,1912
725,Kaylil,Dublin,kdublink4@cbsnews.com,Jeep,Wrangler,2012,1641
726,Kate,Marritt,kmarrittk5@fema.gov,Mazda,MX-5,1998,1843
727,Cristal,Scneider,cscneiderk6@bizjournals.com,Ford,Thunderbird,1995,1708
728,Marleah,Leisman,mleismank7@yandex.ru,Buick,Rendezvous,2004,1749
729,Gisele,Bodycomb,gbodycombk8@nps.gov,Chevrolet,Express 1500,2001,1843
730,Amaleta,Marzello,amarzellok9@plala.or.jp,Infiniti,I,2004,1686
731,Ellynn,Bebb,ebebbka@simplemachines.org,Toyota,Paseo,1994,1959
732,Katalin,Firebrace,kfirebracekb@constantcontact.com,Aston Martin,Rapide,2010,1660
733,Lily,Dumblton,ldumbltonkc@ft.com,BMW,Z4,2005,1981
734,Brendin,Nicklin,bnicklinkd@nps.gov,Mitsubishi,Mighty Max,1993,1760
735,Haley,Clerk,hclerkke@meetup.com,Nissan,Maxima,2011,1976
736,Cathrin,Treen,ctreenkf@ning.com,Cadillac,Escalade,2010,1985
737,Petronille,Tradewell,ptradewellkg@si.edu,Isuzu,Stylus,1992,1918
738,Harrison,Lightman,hlightmankh@sciencedirect.com,Mazda,B-Series,1992,2000
739,Enrichetta,McGill,emcgillki@bigcartel.com,Ford,Taurus,2003,1609
740,Myra,Spens,mspenskj@dell.com,Cadillac,Seville,2003,1938
741,Graeme,Warren,gwarrenkk@amazon.de,Chevrolet,Venture,2004,1517
742,Nanci,Hitcham,nhitchamkl@naver.com,Porsche,911,1997,1706
743,Teador,Eccleston,tecclestonkm@csmonitor.com,Chrysler,Concorde,2003,1974
744,Maybelle,MacClinton,mmacclintonkn@theguardian.com,Mitsubishi,Lancer,2009,1720
745,Devi,Fairhurst,dfairhurstko@feedburner.com,Chevrolet,Monte Carlo,2007,1994
746,Arch,Oakwood,aoakwoodkp@shop-pro.jp,Buick,Century,2000,1707
747,Lukas,Hentze,lhentzekq@irs.gov,Mitsubishi,Diamante,1993,1694
748,Aime,Gouth,agouthkr@marketwatch.com,Oldsmobile,Achieva,1998,1600
749,Cobbie,Crooke,ccrookeks@google.pl,Lincoln,Mark VIII,1996,1784
750,Kelcy,Fairham,kfairhamkt@wsj.com,Mazda,MX-6,1990,1680
751,Bethena,Sergean,bsergeanku@mail.ru,Eagle,Vision,1997,1600
752,Guy,Sjollema,gsjollemakv@chronoengine.com,Ford,Transit Connect,2011,1911
753,Marabel,Brackpool,mbrackpoolkw@networkadvertising.org,Volvo,V40,2003,1618
754,Hillel,Wagge,hwaggekx@deviantart.com,Infiniti,G35,2008,1837
755,Bealle,Mottini,bmottiniky@wordpress.com,Audi,S4,2001,1981
756,Hardy,Purselowe,hpurselowekz@marriott.com,Ford,Bronco II,1988,1682
757,Julina,Ansell,janselll0@state.tx.us,Mercury,Capri,1985,1765
758,Vance,Petheridge,vpetheridgel1@webnode.com,Pontiac,1000,1985,1587
759,Courtnay,Kinnach,ckinnachl2@weebly.com,Chevrolet,Impala,2002,1620
760,Gerianne,Shmyr,gshmyrl3@google.co.jp,McLaren,MP4-12C,2012,1564
761,Pepe,Olivo,polivol4@statcounter.com,Volvo,V50,2007,1573
762,David,Liles,dlilesl5@hao123.com,Mitsubishi,Eclipse,2006,1881
763,Sayres,Mingaye,smingayel6@merriam-webster.com,Buick,Riviera,1996,1614
764,Bat,Tunnick,btunnickl7@com.com,Volkswagen,Touareg,2007,1730
765,Norbert,Keyme,nkeymel8@prnewswire.com,Audi,Allroad,2004,1698
766,Pierre,Headford,pheadfordl9@opera.com,Plymouth,Grand Voyager,1997,1564
767,Allayne,Brain,abrainla@studiopress.com,Ford,Expedition,2012,1543
768,Danila,Helleckas,dhelleckaslb@vistaprint.com,Hyundai,Genesis,2011,1679
769,Greg,Richt,grichtlc@unicef.org,Ford,Econoline E350,2001,1683
770,Merl,Northam,mnorthamld@issuu.com,Audi,S6,2003,1709
771,Fanchette,MacCroary,fmaccroaryle@mysql.com,Kia,Soul,2011,1557
772,Tootsie,Kann,tkannlf@amazon.com,Plymouth,Breeze,1999,1959
773,Madelle,Brookton,mbrooktonlg@cdbaby.com,Acura,RL,2012,1766
774,Gabriella,Drysdall,gdrysdalllh@mtv.com,Plymouth,Grand Voyager,2000,1878
775,Craggie,Orwell,corwellli@chronoengine.com,MINI,Clubman,2009,1650
776,Bordie,Olorenshaw,bolorenshawlj@eepurl.com,Ford,F-Series,1985,1696
777,Elnore,Vedyasov,evedyasovlk@mashable.com,Pontiac,Grand Am,2002,1746
778,Merissa,Endley,mendleyll@sciencedirect.com,Lexus,GS,1995,1877
779,Hi,Labes,hlabeslm@hubpages.com,Lamborghini,Murciélago,2004,1769
780,Clarette,Kimmins,ckimminsln@uol.com.br,Volkswagen,Touareg,2011,1683
781,Corry,Dallaghan,cdallaghanlo@youtu.be,Chrysler,Town & Country,1994,1933
782,Rainer,Brimmicombe,rbrimmicombelp@163.com,Ferrari,430 Scuderia,2008,1898
783,Shaun,O'Scollain,soscollainlq@slate.com,Nissan,JUKE,2012,1945
784,Maribeth,Middle,mmiddlelr@blogtalkradio.com,Chrysler,PT Cruiser,2010,1865
785,Glen,Keave,gkeavels@oakley.com,Buick,Special,1962,1675
786,Vanya,Sumers,vsumerslt@boston.com,Ford,Crown Victoria,2006,1833
787,Matty,Pallatina,mpallatinalu@pen.io,Hyundai,Elantra,2003,1945
788,Harrie,Sergant,hsergantlv@irs.gov,Dodge,Dakota,1996,1657
789,Benny,Reichardt,breichardtlw@typepad.com,BMW,M,2002,1580
790,Doy,Emlen,demlenlx@ca.gov,Lotus,Esprit,1985,1904
791,Alvina,Kewzick,akewzickly@indiegogo.com,Oldsmobile,LSS,1998,1736
792,Ferdie,Wyborn,fwybornlz@hhs.gov,Nissan,Sentra,1999,1556
793,Herc,Spreckley,hspreckleym0@xing.com,Chevrolet,Suburban 1500,1993,1997
794,Renault,Davidofski,rdavidofskim1@auda.org.au,Aston Martin,DB9,2006,1901
795,Merci,Longmate,mlongmatem2@simplemachines.org,Mitsubishi,Truck,1987,1703
796,Glory,Antosch,gantoschm3@behance.net,Studebaker,Avanti,1961,1747
797,Randene,Glassman,rglassmanm4@instagram.com,Lexus,LX,2000,1508
798,Ranna,Waber,rwaberm5@pinterest.com,Ford,Probe,1992,1926
799,Ariela,Dybald,adybaldm6@trellian.com,Studebaker,Avanti,1964,1725
800,Cleon,Florey,cfloreym7@webs.com,Mercedes-Benz,G-Class,2011,1526
801,Avie,Barzen,abarzenm8@discuz.net,Saab,9-5,2002,1661
802,Tiebold,Lavielle,tlaviellem9@edublogs.org,Ford,E350,2007,1708
803,Ailee,Free,afreema@technorati.com,Nissan,Frontier,2003,1636
804,Lonee,Niemetz,lniemetzmb@yandex.ru,Mercedes-Benz,S-Class,1995,1985
805,Norbie,Napolione,nnapolionemc@tumblr.com,Hyundai,Accent,2007,1699
806,Cthrine,Tomsa,ctomsamd@xinhuanet.com,Lincoln,Town Car,2005,1638
807,Casar,Rief,criefme@tinypic.com,Mercury,Topaz,1985,1745
808,Illa,Rickeard,irickeardmf@github.com,Lexus,GX,2010,1584
809,Augustine,McKeaveney,amckeaveneymg@answers.com,Mazda,B-Series Plus,1994,1951
810,Rebbecca,Emmanuel,remmanuelmh@whitehouse.gov,Lincoln,Mark VIII,1993,1717
811,Martie,McEllen,mmcellenmi@mlb.com,Jaguar,XJ Series,1992,1833
812,Christabella,Motion,cmotionmj@google.fr,Dodge,D350,1993,1928
813,Augustina,Fowden,afowdenmk@psu.edu,Nissan,Xterra,2006,1507
814,Cyb,Chattey,cchatteyml@tripadvisor.com,Volkswagen,Phaeton,2006,1669
815,Blair,Osborn,bosbornmm@nymag.com,Cadillac,XLR,2006,1850
816,Frannie,Duckhouse,fduckhousemn@paginegialle.it,Infiniti,Q,2003,1711
817,Nevins,Speight,nspeightmo@jalbum.net,Audi,S6,2011,1971
818,Freemon,Daveren,fdaverenmp@ft.com,Toyota,Avalon,1997,1735
819,Kirstyn,Woodington,kwoodingtonmq@sphinn.com,Mitsubishi,GTO,1994,1790
820,Gabriela,Orrin,gorrinmr@eventbrite.com,Chevrolet,G-Series G10,1992,1684
821,Caddric,Tofanini,ctofaninims@accuweather.com,Hyundai,Equus,2013,1753
822,Emmit,Francklyn,efrancklynmt@youtube.com,Mazda,B-Series Plus,1999,1806
823,Eliot,Bezzant,ebezzantmu@is.gd,Mercury,Cougar,1992,1948
824,Pip,Beccles,pbecclesmv@cbslocal.com,MINI,Clubman,2010,1754
825,Tobe,Averies,taveriesmw@netvibes.com,Mitsubishi,L300,1987,1742
826,Angele,Andreutti,aandreuttimx@cmu.edu,Ford,Thunderbird,2004,1924
827,Chevalier,Demougeot,cdemougeotmy@jiathis.com,Chevrolet,Astro,1994,1933
828,Cecily,Cosford,ccosfordmz@last.fm,Saturn,S-Series,2001,1513
829,Feliza,Davidovitch,fdavidovitchn0@hao123.com,GMC,1500 Club Coupe,1993,1742
830,Georgetta,Ferrari,gferrarin1@mlb.com,Mitsubishi,Pajero,1993,1934
831,Ambros,Manz,amanzn2@creativecommons.org,Mitsubishi,GTO,1998,1711
832,Candie,Braybrook,cbraybrookn3@purevolume.com,Subaru,Tribeca,2008,1981
833,Emelita,Lofty,eloftyn4@businessinsider.com,Ford,E-Series,2004,1708
834,Zak,Banyard,zbanyardn5@washington.edu,Subaru,Outback,2011,1587
835,Eryn,Leyman,eleymann6@cargocollective.com,Mitsubishi,Eclipse,2007,1815
836,Leoine,Carrett,lcarrettn7@uiuc.edu,Volkswagen,New Beetle,2012,1903
837,Cobby,Harnwell,charnwelln8@biglobe.ne.jp,Scion,xB,2006,1675
838,Ado,Leathwood,aleathwoodn9@naver.com,Chrysler,Sebring,1996,1503
839,Ginnifer,Juschke,gjuschkena@zdnet.com,Ford,Flex,2011,1890
840,Georgianne,Trowel,gtrowelnb@hugedomains.com,Lexus,IS,2001,1920
841,Jeralee,Spreckley,jspreckleync@merriam-webster.com,Lexus,LX,2002,1570
842,Inger,Bowie,ibowiend@hp.com,Saturn,Ion,2003,1919
843,Cly,Le Grove,clegrovene@jalbum.net,Lincoln,Aviator,2003,1983
844,Sigvard,Licciardo,slicciardonf@merriam-webster.com,Mercury,Grand Marquis,2011,1587
845,Woodie,Demaine,wdemaineng@skyrock.com,Mazda,Tribute,2005,1655
846,Sibylle,Kennaird,skennairdnh@shareasale.com,Audi,A5,2010,1879
847,Dario,Regler,dreglerni@abc.net.au,Volvo,S60,2012,1945
848,Dominick,Seczyk,dseczyknj@addtoany.com,Plymouth,Neon,2001,1518
849,Creighton,O'Loughlin,coloughlinnk@delicious.com,Chevrolet,TrailBlazer,2005,1586
850,Philis,Bazoche,pbazochenl@liveinternet.ru,Volkswagen,Jetta,2008,1655
851,Gill,Stretton,gstrettonnm@spotify.com,Volkswagen,New Beetle,2004,1891
852,Lorne,Stilgoe,lstilgoenn@shutterfly.com,Volvo,XC70,2003,1866
853,Lorna,Spurden,lspurdenno@npr.org,GMC,Suburban 2500,1994,1759
854,Georgeanna,Inold,ginoldnp@barnesandnoble.com,Mitsubishi,Mirage,1998,1682
855,Michel,Armstrong,marmstrongnq@phoca.cz,Volkswagen,Type 2,1986,1523
856,Clayborn,McConnell,cmcconnellnr@ning.com,Land Rover,LR3,2007,1850
857,Adrienne,Clatworthy,aclatworthyns@sourceforge.net,Buick,Riviera,1990,1636
858,Flore,Pierpoint,fpierpointnt@reference.com,Saab,9-3,1999,1746
859,Neddie,Scandrett,nscandrettnu@go.com,Plymouth,Voyager,1996,1650
860,Selig,Enders,sendersnv@comsenz.com,Pontiac,Vibe,2009,1835
861,Rosemary,Wardale,rwardalenw@histats.com,Dodge,Intrepid,1994,1545
862,Craggie,Antham,canthamnx@abc.net.au,Bentley,Continental Flying Spur,2007,1988
863,Obadiah,Martinets,omartinetsny@mit.edu,Toyota,Previa,1996,1544
864,Borden,Cordie,bcordienz@census.gov,Smart,Fortwo,2010,1723
865,Merna,Drewet,mdreweto0@omniture.com,Subaru,Baja,2006,1972
866,Esmeralda,Blunkett,eblunketto1@ning.com,Nissan,300ZX,1992,1754
867,Franklin,Francklyn,ffrancklyno2@nifty.com,Mercedes-Benz,C-Class,2001,1917
868,Hank,Itzkin,hitzkino3@prlog.org,BMW,330,2006,1580
869,Albertina,Berwick,aberwicko4@xrea.com,Volkswagen,GLI,2008,1731
870,Lorna,Shayes,lshayeso5@ibm.com,Chevrolet,Cavalier,1995,1818
871,Delly,McDuff,dmcduffo6@utexas.edu,Audi,80,1992,1803
872,Dew,Coull,dcoullo7@economist.com,Toyota,Yaris,2010,1804
873,Aida,Kondratyuk,akondratyuko8@sphinn.com,Maserati,Spyder,2005,1717
874,Shanan,Garling,sgarlingo9@wix.com,Lotus,Elan,1993,1825
875,Clementina,Bellini,cbellinioa@posterous.com,Mercury,Tracer,1997,1766
876,Marjory,Ebrall,mebrallob@webnode.com,Ford,F350,2010,1557
877,Addie,Pimme,apimmeoc@shutterfly.com,Mazda,B2600,1987,1535
878,Gayelord,Batterson,gbattersonod@kickstarter.com,Chrysler,New Yorker,1992,1824
879,Waldon,Santacrole,wsantacroleoe@google.cn,Toyota,Celica,2005,1627
880,Anitra,Spritt,asprittof@opensource.org,Ford,E-Series,1993,1507
881,Frayda,Angrock,fangrockog@deliciousdays.com,BMW,X6 M,2012,1951
882,Willette,Nassau,wnassauoh@1688.com,Lincoln,Town Car,2006,1633
883,Feodora,Jozefczak,fjozefczakoi@europa.eu,Saab,900,1988,1552
884,Electra,Tapscott,etapscottoj@deviantart.com,Nissan,300ZX,1994,1635
885,Lorna,McShirie,lmcshirieok@i2i.jp,Hyundai,Genesis Coupe,2010,1520
886,Marney,Wilson,mwilsonol@howstuffworks.com,Maybach,57S,2005,1795
887,Ford,Saile,fsaileom@sogou.com,Oldsmobile,98,1994,1710
888,Tabor,Le Maitre,tlemaitreon@fda.gov,Mercury,Capri,1985,1695
889,La verne,Cruddas,lcruddasoo@macromedia.com,Chevrolet,TrailBlazer,2009,1663
890,Thorn,Craven,tcravenop@lycos.com,GMC,Savana 1500,2008,1949
891,May,Vedenichev,mvedenichevoq@toplist.cz,Chevrolet,Cobalt,2008,1740
892,Amble,Robart,arobartor@ustream.tv,Toyota,Solara,2001,1748
893,Doe,Amps,dampsos@craigslist.org,Chevrolet,Silverado 2500,2010,1914
894,Eberhard,Blacktin,eblacktinot@hp.com,Nissan,Armada,2005,1519
895,Tye,Leatt,tleattou@merriam-webster.com,Ford,Taurus,2011,1503
896,Lesley,Bierman,lbiermanov@howstuffworks.com,Chevrolet,G-Series 2500,1998,1740
897,Vivi,Polak,vpolakow@google.com.hk,Buick,Riviera,1988,1757
898,Chan,Soppit,csoppitox@cisco.com,Aston Martin,DB9,2010,1935
899,Sashenka,Baskwell,sbaskwelloy@g.co,Mazda,Mazda3,2008,1667
900,Mel,Bolte,mbolteoz@php.net,Toyota,Tacoma Xtra,1997,1636
901,Kore,Caddock,kcaddockp0@sourceforge.net,Subaru,Legacy,2011,1632
902,Mara,Matityahu,mmatityahup1@quantcast.com,GMC,Savana 1500,2004,1963
903,Cliff,Faragan,cfaraganp2@ycombinator.com,Chrysler,Concorde,2003,1916
904,Charleen,Hayer,chayerp3@wix.com,Lexus,IS F,2011,1603
905,Nolan,Grosvener,ngrosvenerp4@time.com,Hummer,H2 SUV,2006,1911
906,Dick,Yeld,dyeldp5@google.com.br,Chevrolet,Suburban 2500,2005,1733
907,Mandel,Duncan,mduncanp6@mapy.cz,Lexus,GX,2006,1769
908,Tamas,Romera,tromerap7@sciencedaily.com,BMW,3 Series,2006,1893
909,Laraine,Wilfinger,lwilfingerp8@livejournal.com,Pontiac,Sunfire,2003,1563
910,Beitris,Beavan,bbeavanp9@seattletimes.com,Nissan,Sentra,2009,1896
911,Lelah,Hurley,lhurleypa@icq.com,Buick,Riviera,1986,1861
912,Carmela,Souster,csousterpb@icq.com,Mitsubishi,Outlander,2010,1649
913,Regen,Stuer,rstuerpc@google.com.hk,Lincoln,MKS,2010,1900
914,Forrest,Stood,fstoodpd@newsvine.com,BMW,760,2004,1695
915,Layla,Cuppleditch,lcuppleditchpe@yellowbook.com,Audi,S4,1993,1654
916,Reynolds,Foyston,rfoystonpf@businessinsider.com,BMW,3 Series,2008,1541
917,Robbin,Caplin,rcaplinpg@bizjournals.com,Chrysler,Cirrus,2000,1811
918,Anne-marie,Mundee,amundeeph@who.int,Pontiac,Trans Sport,1996,1872
919,Cathyleen,Stodhart,cstodhartpi@topsy.com,Mercedes-Benz,CLK-Class,1999,1692
920,Wernher,Rex,wrexpj@ovh.net,Pontiac,Trans Sport,1997,1582
921,Cacilie,Boutellier,cboutellierpk@wisc.edu,Mitsubishi,Lancer,2003,1798
922,Terence,Frostdicke,tfrostdickepl@cocolog-nifty.com,Buick,Electra,1989,1642
923,Armando,Fihelly,afihellypm@reddit.com,Cadillac,Escalade EXT,2004,1534
924,Rayshell,Crombleholme,rcrombleholmepn@cnbc.com,Acura,NSX,1998,1652
925,Manya,Kilner,mkilnerpo@china.com.cn,Land Rover,Range Rover,2006,1945
926,Dennis,Lucey,dluceypp@discuz.net,Saab,9-5,2010,1814
927,Gabriello,Brasner,gbrasnerpq@boston.com,Infiniti,G37,2011,1816
928,Mechelle,Pearn,mpearnpr@4shared.com,Hyundai,Accent,2013,1774
929,Norina,Doley,ndoleyps@wix.com,Cadillac,CTS,2003,1500
930,Harmonie,Wims,hwimspt@loc.gov,Mitsubishi,Outlander,2010,1853
931,Kim,Balston,kbalstonpu@shop-pro.jp,Lexus,GS,2007,1516
932,Melisandra,Allan,mallanpv@ask.com,Hyundai,Scoupe,1992,1726
933,Hildagarde,Mickelwright,hmickelwrightpw@cam.ac.uk,Maserati,Spyder,1990,1658
934,Pandora,Kittow,pkittowpx@alexa.com,Porsche,911,2010,1513
935,Nerissa,Peres,nperespy@ameblo.jp,Saturn,Outlook,2009,1915
936,Inness,Dobbinson,idobbinsonpz@nifty.com,Chevrolet,Monte Carlo,2005,1665
937,Phaidra,Wetton,pwettonq0@bizjournals.com,Dodge,Ram 3500,1996,1748
938,Orelle,Boick,oboickq1@gizmodo.com,GMC,1500 Club Coupe,1995,1520
939,Adriane,Overstall,aoverstallq2@webmd.com,Oldsmobile,Silhouette,2004,1579
940,Eadie,Sans,esansq3@joomla.org,Hummer,H1,2006,1629
941,Eddi,Mogra,emograq4@samsung.com,Ford,E250,2004,1848
942,Neysa,Dymock,ndymockq5@ucoz.com,Honda,Civic,2011,1834
943,Rona,Roscow,rroscowq6@sogou.com,Pontiac,Aztek,2005,1554
944,Stace,Cheverton,schevertonq7@163.com,Ford,Expedition EL,2007,1976
945,Beatrix,Luscombe,bluscombeq8@biglobe.ne.jp,Volvo,V90,1997,1508
946,Kippy,Struys,kstruysq9@archive.org,Honda,Accord,1995,1740
947,Wyn,Beagin,wbeaginqa@simplemachines.org,Chevrolet,Express,2011,1645
948,Latrina,Lear,llearqb@1688.com,Ferrari,599 GTB Fiorano,2009,1664
949,Fenelia,Ewbank,fewbankqc@sohu.com,Isuzu,Rodeo,2002,1715
950,Davon,Dadd,ddaddqd@reference.com,Mercedes-Benz,R-Class,2010,1656
951,Jule,Ainsworth,jainsworthqe@mail.ru,Dodge,Daytona,1984,1831
952,Isidore,Stedman,istedmanqf@sfgate.com,Dodge,Ram Van 2500,2003,1527
953,Agnese,Phonix,aphonixqg@yale.edu,Ford,Expedition,2012,1738
954,Manon,Dargavel,mdargavelqh@ihg.com,Volkswagen,New Beetle,2012,1649
955,Yetty,Benedek,ybenedekqi@moonfruit.com,Toyota,Yaris,2010,1602
956,Tanny,Beynkn,tbeynknqj@sbwire.com,Kia,Optima,2005,1974
957,Keenan,Coggan,kcogganqk@cam.ac.uk,Infiniti,G,2001,1612
958,Lyndsie,Dinsey,ldinseyql@dailymail.co.uk,Pontiac,Vibe,2009,1848
959,Angel,Gowing,agowingqm@sfgate.com,Acura,Integra,1996,1955
960,Dot,Brideau,dbrideauqn@rambler.ru,Toyota,Land Cruiser,2002,1694
961,Dalenna,Swales,dswalesqo@gmpg.org,Cadillac,Eldorado,1999,1576
962,Whitman,Skewis,wskewisqp@wsj.com,Mercedes-Benz,E-Class,2009,1667
963,Konrad,Carbett,kcarbettqq@sakura.ne.jp,Infiniti,I,1999,1720
964,Yance,Craske,ycraskeqr@wix.com,Chevrolet,Sportvan G10,1992,1874
965,Shaylyn,Stede,sstedeqs@blogspot.com,Hummer,H1,1997,1928
966,Osbourne,Wyeth,owyethqt@wufoo.com,Eagle,Talon,1998,1543
967,Parry,Ladell,pladellqu@usda.gov,Nissan,Quest,1995,1833
968,Robinett,Thackeray,rthackerayqv@skyrock.com,Chevrolet,Camaro,1985,1840
969,Debby,Leyzell,dleyzellqw@amazon.co.uk,Chevrolet,Silverado 2500,2002,1692
970,Vaughn,De Mattia,vdemattiaqx@canalblog.com,Land Rover,Freelander,2008,1885
971,Loy,Doull,ldoullqy@wunderground.com,Dodge,Ram Wagon B350,1994,1767
972,Daphne,Eggins,degginsqz@mtv.com,Volkswagen,Passat,2003,1578
973,Kerby,Sink,ksinkr0@ucoz.com,Acura,TL,2001,1603
974,Ysabel,Goulston,ygoulstonr1@gov.uk,Mitsubishi,Lancer Evolution,2004,1535
975,Arman,Wigfall,awigfallr2@hostgator.com,Mitsubishi,Outlander Sport,2011,1790
976,Finn,Bernet,fbernetr3@ezinearticles.com,GMC,Envoy,1998,1631
977,Trixi,Filippov,tfilippovr4@guardian.co.uk,Chevrolet,3500,1999,1513
978,Laurens,Benedettini,lbenedettinir5@com.com,Porsche,911,2000,1606
979,Neil,Voss,nvossr6@google.com.hk,Geo,Metro,1993,1613
980,Karry,Snarr,ksnarrr7@dion.ne.jp,Isuzu,Rodeo,1997,1877
981,Shirline,Erskine Sandys,serskinesandysr8@surveymonkey.com,Ford,Escape,2003,1810
982,Wiatt,Goodwyn,wgoodwynr9@cyberchimps.com,Lincoln,Continental,1990,1919
983,Bordy,Surplice,bsurplicera@macromedia.com,Mitsubishi,Galant,2001,1903
984,Gerrard,Ilyinykh,gilyinykhrb@baidu.com,Porsche,928,1994,1601
985,Minna,Gostall,mgostallrc@japanpost.jp,Oldsmobile,Cutlass Supreme,1994,1679
986,Marthe,McAlroy,mmcalroyrd@stanford.edu,Nissan,Altima,2000,1540
987,Shepard,Manktelow,smanktelowre@utexas.edu,Land Rover,Range Rover Sport,2007,1765
988,Nickolaus,Tacey,ntaceyrf@gnu.org,GMC,Sierra 2500,2011,1774
989,Worthy,Chesman,wchesmanrg@domainmarket.com,Mitsubishi,Chariot,1985,1942
990,Rici,Lawrinson,rlawrinsonrh@loc.gov,Honda,Pilot,2007,1980
991,Agnes,Tander,atanderri@nsw.gov.au,Ford,Bronco II,1986,1785
992,Sheri,Abbay,sabbayrj@mysql.com,BMW,X6,2010,1509
993,Malissa,Dicke,mdickerk@cbsnews.com,Nissan,Pathfinder,2000,1568
994,Miltie,Dargavel,mdargavelrl@theglobeandmail.com,Cadillac,Escalade,2005,1754
995,Iggie,Jacob,ijacobrm@wix.com,Ford,Taurus,2007,1817
996,Henrietta,Hankinson,hhankinsonrn@ucoz.ru,Chevrolet,Tahoe,2013,1905
997,Brandea,Cicco,bciccoro@livejournal.com,Mazda,Mazdaspeed 3,2009,1834
998,Barthel,McTiernan,bmctiernanrp@cdbaby.com,Chrysler,Sebring,2010,1699
999,Isadora,Hazelden,ihazeldenrq@tamu.edu,Audi,A6,2010,1734
1000,Howard,Bedells,hbedellsrr@live.com,Chevrolet,Express 2500,2001,1873
